Tournament,Time_Weight,Winner,T1_Pick1,T1_Pick2,T1_Pick3,T1_Pick4,T1_Pick5,T2_Pick1,T2_Pick2,T2_Pick3,T2_Pick4,T2_Pick5,T1_Ban1,T1_Ban2,T1_Ban3,T1_Ban4,T2_Ban1,T2_Ban2,T2_Ban3,T2_Ban4
RoV_Pro_League/2026/Winter/Group_Stage,0.89,2,skud,edras,rouie,capheny,toro,biron,billow,lorion,eland'orr,enzo,y'bneth,dolia,florentino,mina,tamyn,alice,murad,marja
RoV_Pro_League/2026/Winter/Group_Stage,0.89,1,florentino,butterfly,ignis,flowborn,enzo,airi,tachi,alice,violet,wiro,tamyn,rouie,marja,murad,dolia,maloch,teemee,goverra
RoV_Pro_League/2026/Winter/Group_Stage,0.89,2,ryoma,astrid,liliana,elandorr,teemee,riktor,sinestrea,zata,flowborn,dolia,rouie,ybneth,florentino,omen,tamyn,alice,krizzix,taara
RoV_Pro_League/2026/Winter/Group_Stage,0.89,2,marja,billow,yue,valhein,krizzix,murad,tamyn,annette,stuart,maloch,rouie,ybneth,ryoma,taara,zata,alice,lorion,thane
RoV_Pro_League/2026/Winter/Group_Stage,0.89,1,airi,astrid,alice,violet,y'bneth,florentino,butterfly,ignis,flowborn,toro,valhein,eland'orr,hayate,stuart,rouie,maloch,marja,murad
RoV_Pro_League/2026/Winter/Group_Stage,0.89,1,skud,edras,rouie,hayate,enzo,maloch,zephys,lorion,wisp,teemee,y'bneth,astrid,billow,sinestrea,marja,tamyn,eland'orr,valhein
RoV_Pro_League/2026/Winter/Group_Stage,0.89,2,mina,tamyn,yue,eland'orr,cresht,qi,sinestrea,zata,capheny,dolia,rouie,y'bneth,skud,omen,marja,butterfly,liliana,annette
RoV_Pro_League/2026/Winter/Group_Stage,0.89,2,qi,keera,goverra,wisp,teemee,marja,tachi,annette,elsu,thane,tamyn,y'bneth,astrid,billow,sinestrea,dolia,valhein,capheny
RoV_Pro_League/2026/Winter/Group_Stage,0.89,1,yena,billow,lorion,flowborn,maloch,taara,wonder woman,rouie,eland'orr,wiro,tamyn,y'bneth,astrid,skud,sinestrea,dolia,florentino,toro
RoV_Pro_League/2026/Winter/Group_Stage,0.89,1,ryoma,astrid,zata,violet,dolia,marja,tamyn,annette,hayate,teemee,ybneth,alice,krizzix,enzo,rouie,taara,elandorr,capheny
RoV_Pro_League/2026/Winter/Group_Stage,0.89,1,skud,sinestrea,alice,elandorr,toro,omen,billow,liliana,flowborn,maloch,ybneth,dolia,mina,florentino,rouie,tamyn,teemee,enzo
RoV_Pro_League/2026/Winter/Group_Stage,0.89,2,airi,billow,liliana,stuart,maloch,yena,tachi,zata,elandorr,ybneth,rouie,dolia,murad,alice,tamyn,marja,enzo,annette
RoV_Pro_League/2026/Winter/Group_Stage,0.89,2,mina,butterfly,lorion,hayate,ybneth,ryoma,murad,rouie,valhein,chaugnar,dolia,alice,edras,astrid,tamyn,tachi,florentino,flowborn
RoV_Pro_League/2026/Winter/Group_Stage,0.89,2,taara,zephys,annette,capheny,wiro,mina,sinestrea,iggy,violet,toro,dolia,alice,stuart,airi,rouie,tamyn,florentino,marja
RoV_Pro_League/2026/Winter/Group_Stage,0.89,2,ryoma,tamyn,annette,violet,thane,riktor,astrid,iggy,capheny,ybneth,zata,alice,omen,elandorr,rouie,enzo,teemee,mina
RoV_Pro_League/2026/Winter/Group_Stage,0.89,1,riktor,billow,lorion,elandorr,wiro,skud,butterfly,rouie,stuart,mina,tamyn,zata,marja,murad,ybneth,maloch,florentino,enzo
RoV_Pro_League/2026/Winter/Group_Stage,0.89,2,marja,taara,ignis,valhein,cresht,qi,sinestrea,alice,elandorr,toro,tamyn,dolia,fennik,murad,rouie,ybneth,mganga,iggy
RoV_Pro_League/2026/Winter/Group_Stage,0.89,2,qi,astrid,zata,wisp,enzo,yena,billow,liliana,violet,teemee,tamyn,marja,annette,lorion,rouie,ybneth,mganga,skud
RoV_Pro_League/2026/Winter/Group_Stage,0.89,1,marja,tachi,azzenka,elandorr,dolia,ryoma,astrid,zata,violet,teemee,ybneth,alice,enzo,krizzix,rouie,tamyn,annette,liliana
RoV_Pro_League/2026/Winter/Group_Stage,0.89,1,riktor,keera,rouie,hayate,chaugnar,biron,zephys,yue,flowborn,ybneth,dolia,marja,florentino,billow,tamyn,sinestrea,murad,nakroth
RoV_Pro_League/2026/Winter/Group_Stage,0.89,1,ryoma,sinestrea,alice,stuart,toro,florentino,butterfly,ignis,hayate,enzo,rouie,maloch,edras,tachi,tamyn,ybneth,airi,murad
RoV_Pro_League/2026/Winter/Group_Stage,0.89,1,marja,zephys,rouie,wisp,wiro,ryoma,nakroth,lorion,elandorr,enzo,sinestrea,ybneth,billow,tachi,tamyn,edras,astrid,murad
RoV_Pro_League/2026/Winter/Group_Stage,0.89,1,biron,astrid,zata,flowborn,thane,toro,butterfly,annette,moren,dolia,rouie,valhein,florentino,maloch,tamyn,edras,aoi,taara
RoV_Pro_League/2026/Winter/Group_Stage,0.89,1,ryoma,tachi,liliana,capheny,cresht,riktor,billow,gildur,flowborn,thane,rouie,valhein,florentino,omen,tamyn,sinestrea,edras,taara
RoV_Pro_League/2026/Winter/Group_Stage,0.89,1,ryoma,tachi,zata,violet,dolia,riktor,butterfly,alice,elandorr,maloch,ybneth,astrid,airi,murad,rouie,tamyn,capheny,valhein
RoV_Pro_League/2026/Winter/Group_Stage,0.89,1,marja,billow,iggy,wisp,ybneth,qi,keera,tulen,valhein,chaugnar,dolia,astrid,zata,lorion,rouie,tamyn,fennik,stuart
RoV_Pro_League/2026/Winter/Group_Stage,0.89,1,riktor,astrid,rouie,elandorr,enzo,yena,tamyn,lorion,wisp,thane,dolia,ybneth,skud,marja,valhein,sinestrea,teemee,krizzix
RoV_Pro_League/2026/Winter/Group_Stage,0.89,1,ryoma,astrid,liliana,elandorr,thane,marja,zephys,maloch,violet,dolia,ybneth,alice,omen,sinestrea,rouie,tamyn,enzo,krizzix
RoV_Pro_League/2026/Winter/Group_Stage,0.89,2,skud,sinestrea,annette,moren,dolia,biron,billow,zata,capheny,ybneth,tamyn,alice,ryoma,florentino,maloch,rouie,marja,taara
RoV_Pro_League/2026/Winter/Group_Stage,0.89,2,mina,tachi,ignis,hayate,xeniel,qi,murad,rouie,wisp,teemee,tamyn,elandorr,sinestrea,astrid,ybneth,lorion,wiro,enzo
RoV_Pro_League/2026/Winter/Group_Stage,0.89,2,marja,billow,taara,violet,gildur,ryoma,tachi,liliana,elandorr,wiro,tamyn,alice,mganga,sinestrea,ybneth,rouie,lorion,yue
RoV_Pro_League/2026/Winter/Group_Stage,0.89,2,marja,edras,alice,elsu,dolia,ryoma,billow,zata,flowborn,toro,ybneth,astrid,maloch,florentino,rouie,tamyn,elandorr,hayate
RoV_Pro_League/2026/Winter/Group_Stage,0.89,2,qi,billow,lorion,elandorr,teemee,skud,astrid,rouie,violet,enzo,tamyn,edras,wiro,thane,ybneth,toro,florentino,maloch
RoV_Pro_League/2026/Winter/Group_Stage,0.89,1,taara,astrid,annette,wisp,cresht,murad,sinestrea,iggy,valhein,ybneth,elandorr,dolia,florentino,omen,tamyn,rouie,toro,enzo
RoV_Pro_League/2026/Winter/Group_Stage,0.89,2,airi,keera,iggy,flowborn,ybneth,taara,nakroth,liliana,capheny,teemee,marja,elandorr,florentino,lorion,tamyn,rouie,zata,mganga
RoV_Pro_League/2026/Winter/Group_Stage,0.89,1,mina,astrid,yue,elandorr,ybneth,yena,sinestrea,liliana,flowborn,maloch,dolia,valhein,florentino,marja,rouie,tamyn,lorion,taara
RoV_Pro_League/2026/Winter/Group_Stage,0.89,1,airi,nakroth,annette,stuart,dolia,skud,tachi,zata,elandorr,toro,ybneth,astrid,teemee,omen,rouie,tamyn,edras,butterfly
RoV_Pro_League/2026/Winter/Group_Stage,0.89,2,murad,marja,mganga,flowborn,toro,taara,edras,iggy,capheny,cresht,astrid,dolia,billow,florentino,tamyn,rouie,sinestrea,tachi
RoV_Pro_League/2026/Winter/Group_Stage,0.89,1,skud,edras,iggy,valhein,chaugnar,murad,zephys,lorion,stuart,teemee,astrid,dolia,marja,florentino,tamyn,rouie,wiro,cresht
RoV_Pro_League/2026/Winter/Group_Stage,0.89,2,ryoma,tachi,liliana,moren,dolia,richter,sinestrea,zata,hayate,teemee,y'bneth,astrid,omen,enzo,rouie,tamyn,eland'orr,valhein
RoV_Pro_League/2026/Winter/Group_Stage,0.89,2,zanis,keera,alice,hayate,y'bneth,skud,billow,yue,eland'orr,enzo,dolia,astrid,florentino,marja,rouie,tamyn,qi,stuart
RoV_Pro_League/2026/Winter/Group_Stage,0.89,2,skud,zuka,yue,eland'orr,cresht,qi,astrid,lorion,capheny,y'bneth,tamyn,rouie,florentino,mganga,sinestrea,billow,stuart,edras
RoV_Pro_League/2026/Winter/Group_Stage,0.89,2,murad,tamyn,lorion,wisp,thane,airi,yan,rouie,eland'orr,wiro,astrid,y'bneth,omen,florentino,sinestrea,edras,teemee,maloch
RoV_Pro_League/2026/Winter/Group_Stage,0.89,1,skud,edras,liliana,eland'orr,maloch,yena,billow,gildur,wisp,y'bneth,tamyn,astrid,yue,annette,rouie,zata,dolia,iggy
RoV_Pro_League/2026/Winter/Group_Stage,0.89,2,marja,billow,zata,flowborn,toro,biron,astrid,yue,elsu,dolia,tamyn,annette,stuart,violet,rouie,y'bneth,cresht,krizzix
RoV_Pro_League/2026/Winter/Group_Stage,0.89,1,taara,max,iggy,valhein,ybneth,riktor,sinestrea,ignis,stuart,cresht,tamyn,lorion,fennik,flowborn,rouie,dolia,astrid,tachi
RoV_Pro_League/2026/Winter/Group_Stage,0.89,2,biron,astrid,yue,capheny,wiro,marja,tachi,lorion,violet,maloch,tamyn,valhein,teemee,annette,rouie,sinestrea,ryoma,airi
RoV_Pro_League/2026/Winter/Group_Stage,0.89,1,marja,tamyn,annette,capheny,cresht,ryoma,sinestrea,zata,violet,enzo,ybneth,krizzix,valhein,elandorr,rouie,dolia,wiro,thane
RoV_Pro_League/2026/Winter/Group_Stage,0.89,1,skud,astrid,iggy,valhein,ybneth,biron,tachi,yue,elandorr,dolia,tamyn,rouie,marja,maloch,violet,ryoma,florentino,omen
RoV_Pro_League/2026/Winter/Group_Stage,0.89,1,florentino,tachi,lorion,flowborn,maloch,airi,nakroth,iggy,valhein,toro,ybneth,tamyn,marja,murad,rouie,dolia,dyadia,alice
RoV_Pro_League/2026/Winter/Group_Stage,0.89,1,mina,astrid,iggy,wisp,toro,skud,zuka,alice,elandorr,cresht,ybneth,dolia,florentino,maloch,rouie,tamyn,valhein,marja
RoV_Pro_League/2026/Winter/Group_Stage,0.89,2,maloch,edras,rouie,elandorr,enzo,mina,billow,annette,capheny,ybneth,tamyn,astrid,gildur,zata,dolia,alice,florentino,chaugnar
RoV_Pro_League/2026/Winter/Group_Stage,0.89,2,max,billow,zata,flowborn,krizzix,biron,tachi,liliana,elsu,dolia,tamyn,astrid,stuart,taara,alice,ybneth,hayate,florentino
RoV_Pro_League/2026/Winter/Group_Stage,0.89,1,marja,sinestrea,lorion,hayate,teemee,taara,nakroth,yue,wisp,toro,astrid,rouie,mganga,iggy,tamyn,capheny,ybneth,cresht
RoV_Pro_League/2026/Winter/Group_Stage,0.89,1,florentino,zuka,liliana,violet,ybneth,yena,astrid,lorion,hayate,teemee,rouie,tamyn,marja,iggy,alice,capheny,skud,taara
RoV_Pro_League/2026/Winter/Group_Stage,0.89,2,qi,billow,lorion,elandorr,ybneth,mina,astrid,rouie,capheny,chaugnar,krizzix,dolia,marja,skud,tamyn,sinestrea,edras,tachi
RoV_Pro_League/2026/Winter/Group_Stage,0.89,2,biron,sinestrea,zata,hayate,dolia,marja,tamyn,annette,wisp,cresht,ybneth,krizzix,elandorr,valhein,rouie,astrid,capheny,ryoma
RoV_Pro_League/2026/Winter/Group_Stage,0.89,1,airi,keera,iggy,wisp,toro,florentino,tachi,liliana,flowborn,maloch,ybneth,dolia,lorion,alice,tamyn,astrid,marja,murad
RoV_Pro_League/2026/Winter/Group_Stage,0.89,2,skud,yan,mganga,stuart,wiro,omen,edras,yue,valhein,enzo,zata,iggy,sinestrea,elandorr,tamyn,astrid,tachi,teemee
RoV_Pro_League/2026/Winter/Group_Stage,0.89,2,skud,astrid,liliana,capheny,ybneth,biron,tamyn,alice,violet,baldum,valhein,dolia,marja,florentino,rouie,elandorr,annette,zata
RoV_Pro_League/2026/Winter/Group_Stage,0.89,2,riktor,zephys,zata,flowborn,maloch,ryoma,sinestrea,annette,hayate,dolia,rouie,astrid,elandorr,elsu,tamyn,alice,omen,nakroth
RoV_Pro_League/2026/Winter/Group_Stage,0.89,2,ryoma,billow,lorion,elandorr,cresht,mina,edras,iggy,wisp,toro,ybneth,astrid,maloch,omen,rouie,sinestrea,tamyn,marja
RoV_Pro_League/2026/Winter/Group_Stage,0.89,1,qi,astrid,zata,elandorr,krizzix,mina,tamyn,liliana,stuart,dolia,ybneth,valhein,annette,maloch,rouie,taara,enzo,toro
RoV_Pro_League/2026/Winter/Group_Stage,0.89,1,skud,murad,rouie,capheny,chaugnar,biron,edras,lorion,elandorr,ybneth,astrid,billow,zata,florentino,tamyn,dolia,marja,zephys
RoV_Pro_League/2026/Winter/Group_Stage,0.89,1,biron,sinestrea,iggy,hayate,toro,marja,aoi,zata,valhein,thane,astrid,rouie,billow,annette,tamyn,dolia,ignis,taara
RoV_Pro_League/2026/Winter/Group_Stage,0.89,2,airi,astrid,heino,violet,cresht,murad,tachi,lorion,valhein,maloch,rouie,dolia,skud,omen,sinestrea,marja,florentino,mganga
RoV_Pro_League/2026/Winter/Group_Stage,0.89,2,florentino,butterfly,ignis,wisp,ybneth,airi,sinestrea,rouie,capheny,chaugnar,astrid,tamyn,taara,marja,valhein,dolia,tachi,billow
RoV_Pro_League/2026/Winter/Group_Stage,0.89,2,taara,elandorr,rouie,elsu,wiro,marja,billow,annette,violet,ybneth,astrid,tamyn,ignis,goverra,sinestrea,dolia,edras,murad
RoV_Pro_League/2026/Winter/Group_Stage,0.89,2,marja,tamyn,iggy,wisp,ybneth,biron,sinestrea,annette,violet,dolia,astrid,rouie,florentino,ryoma,elandorr,zata,alice,mina
RoV_Pro_League/2026/Winter/Group_Stage,0.89,2,riktor,zephys,dyadia,violet,toro,ryoma,astrid,alice,hayate,cresht,tamyn,rouie,ybneth,teemee,dolia,sinestrea,maloch,omen
RoV_Pro_League/2026/Winter/Group_Stage,0.89,2,airi,tachi,zata,capheny,cresht,toro,nakroth,yue,wisp,maloch,tamyn,rouie,marja,edras,dolia,sinestrea,astrid,florentino
RoV_Pro_League/2026/Winter/Group_Stage,0.89,1,riktor,astrid,liliana,violet,krizzix,skud,sinestrea,ilumia,fennik,dolia,annette,tachi,zata,omen,tamyn,rouie,stuart,elandorr
RoV_Pro_League/2026/Winter/Group_Stage,0.89,1,maloch,sinestrea,zata,wisp,dolia,yena,billow,liliana,elandorr,cresht,astrid,annette,marja,florentino,tamyn,rouie,capheny,stuart
RoV_Pro_League/2026/Winter/Group_Stage,0.89,2,marja,butterfly,alice,flowborn,toro,ryoma,tachi,lorion,hayate,thane,astrid,maloch,taara,ybneth,rouie,tamyn,nakroth,murad
RoV_Pro_League/2026/Winter/Group_Stage,0.89,1,biron,tamyn,rouie,valhein,wiro,mina,zuka,annette,capheny,ybneth,astrid,alice,edras,taara,tachi,chaugnar,florentino,cresht
RoV_Pro_League/2026/Winter/Group_Stage,0.89,1,ryoma,tamyn,yue,violet,ybneth,biron,astrid,annette,hayate,baldum,dolia,alice,cresht,taara,rouie,elandorr,iggy,liliana
RoV_Pro_League/2026/Winter/Group_Stage,0.89,2,skud,sinestrea,lorion,hayate,teemee,mina,billow,rouie,elandorr,toro,tamyn,edras,valhein,flowborn,dolia,astrid,marja,florentino
RoV_Pro_League/2026/Winter/Group_Stage,0.89,2,marja,tachi,annette,flowborn,thane,airi,edras,alice,violet,cresht,tamyn,dolia,nakroth,sinestrea,rouie,maloch,florentino,omen
RoV_Pro_League/2026/Winter/Group_Stage,0.89,1,taara,astrid,iggy,wisp,dolia,omen,sinestrea,lorion,stuart,maloch,tamyn,zata,liliana,florentino,rouie,elandorr,elsu,mina
RoV_Pro_League/2026/Winter/Group_Stage,0.89,1,florentino,nakroth,zata,stuart,toro,riktor,tachi,yue,valhein,dolia,tamyn,ybneth,skud,marja,rouie,billow,elandorr,airi
RoV_Pro_League/2026/Winter/Group_Stage,0.89,2,biron,edras,rouie,capheny,toro,mina,astrid,annette,stuart,thane,elandorr,flowborn,florentino,maloch,zata,lorion,chaugnar,ybneth
RoV_Pro_League/2026/Winter/Group_Stage,0.89,1,marja,zuka,zata,valhein,dolia,skud,billow,liliana,elandorr,cresht,rouie,tamyn,florentino,omen,astrid,sinestrea,tachi,mina
RoV_Pro_League/2026/Winter/Group_Stage,0.89,2,yena,astrid,lorion,flowborn,teemee,riktor,sinestrea,iggy,elsu,ybneth,rouie,valhein,yue,marja,tamyn,elandorr,liliana,taara
RoV_Pro_League/2026/Winter/Group_Stage,0.89,1,airi,keera,iggy,wisp,thane,biron,nakroth,zata,hayate,dolia,rouie,tamyn,marja,tachi,sinestrea,elandorr,florentino,billow
RoV_Pro_League/2026/Winter/Group_Stage,0.89,2,florentino,sephera,liliana,elandorr,ybneth,murad,tachi,mganga,wisp,toro,rouie,valhein,marja,airi,tamyn,sinestrea,nakroth,ryoma
RoV_Pro_League/2026/Winter/Group_Stage,0.89,1,qi,astrid,iggy,slimz,chaugnar,skud,sinestrea,liliana,hayate,ybneth,dolia,elandorr,zata,ignis,rouie,flowborn,capheny,valhein
RoV_Pro_League/2026/Winter/Group_Stage,0.89,2,marja,butterfly,zata,elandorr,cresht,ryoma,billow,annette,capheny,mina,dolia,astrid,maloch,teemee,rouie,tamyn,skud,tachi
RoV_Pro_League/2026/Winter/Group_Stage,0.89,2,skud,billow,lorion,wisp,teemee,qi,elandorr,rouie,stuart,toro,tamyn,astrid,edras,marja,ybneth,sinestrea,ryoma,mina
RoV_Pro_League/2026/Winter/Group_Stage,0.89,1,taara,sinestrea,annette,flowborn,wiro,marja,edras,mganga,valhein,dolia,tamyn,astrid,maloch,elsu,rouie,ybneth,stuart,ryoma
RoV_Pro_League/2026/Winter/Group_Stage,0.89,2,airi,tachi,ignis,elsu,toro,florentino,aoi,iggy,wisp,teemee,tamyn,astrid,nakroth,keera,rouie,valhein,dolia,murad
RoV_Pro_League/2026/Winter/Group_Stage,0.89,1,skud,astrid,rouie,hayate,chaugnar,marja,billow,ignis,capheny,ybneth,maloch,dolia,florentino,tachi,zata,sinestrea,valhein,violet
RoV_Pro_League/2026/Winter/Group_Stage,0.89,1,marja,sinestrea,alice,capheny,cresht,mina,zephys,annette,stuart,omega,astrid,rouie,ryoma,maloch,zata,dolia,florentino,lorion
RoV_Pro_League/2026/Winter/Group_Stage,0.89,1,biron,darcy,annette,elandorr,toro,ryoma,tamyn,lorion,violet,teemee,astrid,rouie,yue,liliana,zata,valhein,billow,edras
RoV_Pro_League/2026/Winter/Group_Stage,0.89,2,yena,tachi,ignis,elandorr,dolia,florentino,astrid,annette,valhein,maloch,ybneth,krizzix,enzo,riktor,rouie,capheny,skud,taara
RoV_Pro_League/2026/Winter/Group_Stage,0.89,2,qi,tamyn,liliana,hayate,teemee,marja,sinestrea,zata,stuart,cresht,dolia,rouie,elandorr,capheny,annette,maloch,skud,airi
RoV_Pro_League/2026/Winter/Group_Stage,0.89,2,airi,sinestrea,yue,stuart,enzo,skud,taara,liliana,hayate,ybneth,rouie,elandorr,qi,tamyn,annette,maloch,florentino,marja
RoV_Pro_League/2026/Winter/Group_Stage,0.89,1,taara,astrid,yue,elandorr,arum,marja,tamyn,gildur,capheny,enzo,dolia,rouie,teemee,iggy,flowborn,wisp,ybneth,lorion
RoV_Pro_League/2026/Winter/Group_Stage,0.89,2,skud,tamyn,annette,capheny,wiro,omen,sinestrea,liliana,elandorr,thane,astrid,dolia,lorion,florentino,marja,rouie,mina,mganga
RoV_Pro_League/2026/Winter/Group_Stage,0.89,2,murad,zephys,rouie,flowborn,maloch,airi,tachi,lorion,hayate,cresht,astrid,annette,billow,nakroth,sinestrea,valhein,marja,omen
RoV_Pro_League/2026/Winter/Group_Stage,0.89,1,riktor,tachi,alice,violet,dolia,florentino,edras,zata,flowborn,maloch,astrid,rouie,aoi,billow,sinestrea,liliana,marja,elsu
RoV_Pro_League/2026/Winter/Group_Stage,0.89,2,marja,billow,iggy,hayate,cresht,biron,keera,ignis,valhein,toro,astrid,rouie,taara,murad,sinestrea,ybneth,fennik,wisp
RoV_Pro_League/2026/Winter/Group_Stage,0.89,2,omen,astrid,liliana,elandorr,arum,skud,tamyn,zata,capheny,dolia,flowborn,sinestrea,marja,florentino,rouie,enzo,cresht,mina
RoV_Pro_League/2026/Winter/Group_Stage,0.89,2,airi,max,annette,capheny,maloch,qi,sinestrea,iggy,hayate,ybneth,astrid,rouie,valhein,wisp,dolia,edras,chaugnar,mina
RoV_Pro_League/2026/Winter/Group_Stage,0.89,1,biron,edras,iggy,wisp,thane,marja,darcy,ignis,valhein,toro,rouie,astrid,elandorr,zephys,ybneth,dolia,skud,taara
RoV_Pro_League/2026/Winter/Group_Stage,0.89,1,marja,tamyn,yue,hayate,ybneth,murad,billow,lorion,wisp,teemee,astrid,elandorr,liliana,ryoma,dolia,rouie,mganga,zata
RoV_Pro_League/2026/Winter/Group_Stage,0.89,1,yena,tachi,dyadia,flowborn,teemee,florentino,keera,liliana,stuart,taara,astrid,elandorr,nakroth,yue,dolia,rouie,murad,ryoma
RoV_Pro_League/2026/Winter/Group_Stage,0.89,1,riktor,zuka,rouie,capheny,chaugnar,maloch,nakroth,mganga,elandorr,dyadia,dolia,sinestrea,cresht,baldum,tamyn,astrid,mina,marja
RoV_Pro_League/2026/Winter/Group_Stage,0.89,1,biron,sinestrea,alice,fennik,baldum,airi,billow,lorion,marja,ybneth,rouie,dolia,mina,omen,tamyn,astrid,elandorr,hayate
RoV_Pro_League/2026/Winter/Group_Stage,0.89,1,marja,tachi,annette,violet,dolia,ryoma,murad,zata,wisp,thane,rouie,sinestrea,edras,hayate,astrid,tamyn,mina,stuart
RoV_Pro_League/2026/Winter/Group_Stage,0.89,1,skud,astrid,lorion,capheny,ybneth,qi,billow,yue,elandorr,baldum,dolia,valhein,marja,florentino,rouie,zata,annette,iggy
RoV_Pro_League/2026/Winter/Group_Stage,0.89,1,tamyn,edras,zata,hayate,krizzix,skud,astrid,liliana,capheny,dolia,rouie,maloch,elsu,marja,annette,sinestrea,valhein,florentino
RoV_Pro_League/2026/Winter/Group_Stage,0.89,2,biron,sinestrea,maloch,flowborn,dolia,marja,nakroth,annette,violet,wiro,tamyn,zata,florentino,teemee,rouie,valhein,stuart,taara
RoV_Pro_League/2026/Winter/Group_Stage,0.89,2,florentino,marja,yue,violet,toro,taara,tachi,lorion,wisp,ybneth,rouie,tamyn,zata,alice,annette,elandorr,liliana,iggy
RoV_Pro_League/2026/Winter/Group_Stage,0.89,1,yena,bolt baron,annette,valhein,cresht,riktor,zephys,iggy,stuart,toro,rouie,tamyn,sinestrea,florentino,elandorr,tachi,billow,darcy
RoV_Pro_League/2026/Winter/Group_Stage,0.89,1,airi,astrid,mganga,elandorr,teemee,qi,billow,annette,violet,enzo,dolia,valhein,florentino,murad,rouie,iggy,skud,cresht
RoV_Pro_League/2026/Winter/Group_Stage,0.89,1,marja,nakroth,alice,violet,thane,riktor,tachi,zata,capheny,dolia,astrid,rouie,ryoma,valhein,annette,liliana,hayate,tamyn
RoV_Pro_League/2026/Winter/Group_Stage,0.89,2,skud,sinestrea,rouie,flowborn,wiro,mina,tamyn,lorion,hayate,ybneth,astrid,krizzix,marja,florentino,enzo,chaugnar,capheny,valhein
RoV_Pro_League/2026/Winter/Group_Stage,0.89,2,ryoma,tachi,lorion,capheny,cresht,skud,astrid,alice,elandorr,toro,rouie,sinestrea,omen,marja,dolia,annette,maloch,toro
RoV_Pro_League/2026/Winter/Group_Stage,0.89,2,taara,zuka,yue,stuart,maloch,marja,keera,ignis,valhein,thane,rouie,sinestrea,krizzix,teemee,tamyn,zata,murad,zephys
RoV_Pro_League/2026/Winter/Group_Stage,0.89,1,mina,astrid,alice,elandorr,toro,skud,billow,zata,capheny,thane,dolia,sinestrea,ybneth,florentino,rouie,annette,liliana,yue
RoV_Pro_League/2026/Winter/Group_Stage,0.89,1,marja,tamyn,iggy,violet,cresht,taara,sinestrea,liliana,elandorr,toro,astrid,dolia,murad,ryoma,rouie,capheny,teemee,thane
RoV_Pro_League/2026/Winter/Group_Stage,0.89,1,airi,billow,azzenka,flowborn,ybneth,marja,tachi,rouie,elsu,wiro,astrid,chaugnar,tamyn,hayate,dolia,sinestrea,lorion,ryoma
RoV_Pro_League/2026/Winter/Group_Stage,0.89,2,taara,tamyn,iggy,violet,wiro,marja,billow,annette,capheny,toro,sinestrea,dolia,florentino,cresht,rouie,astrid,thane,mina
RoV_Pro_League/2026/Winter/Group_Stage,0.89,2,biron,billow,annette,hayate,ybneth,skud,sinestrea,alice,flowborn,cresht,rouie,astrid,iggy,yue,marja,dolia,florentino,maloch
RoV_Pro_League/2026/Winter/Group_Stage,0.89,1,toro,zuka,yue,wisp,ming,biron,tamyn,dyadia,valhein,maloch,rouie,astrid,iggy,lorion,sinestrea,dolia,marja,florentino
RoV_Pro_League/2026/Winter/Group_Stage,0.89,1,ryoma,tachi,liliana,elandorr,thane,riktor,zephys,zata,wisp,dolia,rouie,astrid,nakroth,omen,sinestrea,marja,cresht,skud
RoV_Pro_League/2026/Winter/Group_Stage,0.89,2,marja,nakroth,alice,flowborn,cresht,murad,tachi,lorion,elandorr,thane,rouie,astrid,taara,ryoma,sinestrea,dolia,teemee,zata
RoV_Pro_League/2026/Winter/Group_Stage,0.89,2,biron,tamyn,liliana,capheny,teemee,toro,astrid,iggy,violet,wiro,dolia,ybneth,florentino,marja,elandorr,rouie,lorion,skud
RoV_Pro_League/2026/Winter/Group_Stage,0.89,1,skud,sinestrea,zata,stuart,enzo,mina,billow,yue,elandorr,ybneth,tamyn,rouie,liliana,annette,astrid,dolia,florentino,marja
RoV_Pro_League/2026/Winter/Group_Stage,0.89,2,marja,tachi,iggy,wisp,toro,ryoma,tamyn,annette,flowborn,cresht,zata,sinestrea,hayate,capheny,rouie,astrid,elandorr,billow
RoV_Pro_League/2026/Winter/Group_Stage,0.89,1,airi,edras,yue,elandorr,ybneth,florentino,keera,mganga,valhein,chaugnar,zata,sinestrea,skud,marja,rouie,astrid,ignis,heino
RoV_Pro_League/2026/Winter/Group_Stage,0.89,2,mina,billow,lorion,hayate,omega,qi,nakroth,liliana,wisp,thane,sinestrea,zata,marja,skud,astrid,rouie,taara,florentino
RoV_Pro_League/2026/Winter/Group_Stage,0.89,1,biron,sinestrea,ignis,elandorr,cresht,mina,nakroth,iggy,capheny,wiro,edras,maloch,liliana,max,rouie,astrid,marja,florentino
RoV_Pro_League/2026/Winter/Group_Stage,0.89,2,marja,nakroth,mganga,valhein,thane,biron,tamyn,natalya,wisp,ybneth,edras,ignis,heino,zata,rouie,astrid,billow,keera
RoV_Pro_League/2026/Winter/Group_Stage,0.89,1,taara,tachi,zata,elsu,dolia,airi,astrid,liliana,flowborn,teemee,rouie,elandorr,alice,annette,tamyn,ybneth,florentino,omen
RoV_Pro_League/2026/Winter/Group_Stage,0.89,1,florentino,tamyn,annette,stuart,krizzix,ryoma,edras,yue,violet,toro,dolia,mganga,elsu,marja,rouie,astrid,hayate,flowborn
RoV_Pro_League/2026/Winter/Group_Stage,0.89,1,skud,tamyn,iggy,hayate,ybneth,ryoma,billow,annette,violet,toro,dolia,sinestrea,florentino,marja,astrid,rouie,elsu,stuart
RoV_Pro_League/2026/Winter/Group_Stage,0.89,1,maloch,billow,alice,elandorr,toro,mina,astrid,zata,capheny,cresht,tamyn,rouie,mganga,lorion,dolia,sinestrea,florentino,marja
RoV_Pro_League/2026/Winter/Group_Stage,0.89,1,taara,astrid,yue,flowborn,teemee,biron,sinestrea,alice,hayate,maloch,tamyn,rouie,elandorr,skud,dolia,mina,florentino,enzo
RoV_Pro_League/2026/Winter/Group_Stage,0.89,2,riktor,astrid,yue,elandorr,ybneth,biron,tamyn,liliana,violet,baldum,dolia,sinestrea,marja,alice,rouie,stuart,annette,skud
RoV_Pro_League/2026/Winter/Group_Stage,0.89,1,marja,sinestrea,annette,violet,maloch,ryoma,billow,iggy,flowborn,toro,astrid,dolia,elsu,florentino,rouie,stuart,cresht,thane
RoV_Pro_League/2026/Winter/Group_Stage,0.89,2,airi,nakroth,alice,stuart,thane,marja,zuka,lorion,hayate,cresht,astrid,sinestrea,mganga,annette,rouie,tamyn,capheny,wisp
RoV_Pro_League/2026/Winter/Group_Stage,0.89,1,ryoma,tachi,mganga,valhein,teemee,florentino,nakroth,annette,stuart,ybneth,dolia,sinestrea,edras,maloch,rouie,tamyn,murad,bolt baron
RoV_Pro_League/2026/Winter/Group_Stage,0.89,1,mina,billow,lorion,capheny,toro,yena,sinestrea,ignis,wisp,enzo,astrid,mganga,thane,skud,tamyn,rouie,hayate,wiro
Arena_of_Valor_Premier_League/2026/Playoffs,0.78,1,richter,billow,rouie,flowborn,maloch,ryoma,nakroth,flowborn,capheny,y'bneth,zata,eland'orr,violet,aoi,volkath,toro,omen,qi
Arena_of_Valor_Premier_League/2026/Playoffs,0.78,2,marja,tachi,lorion,tel'annas,enzo,airi,butterfly,alice,eland'orr,teemee,toro,zata,murad,qi,taara,mganga,sinestrea,zephys
Arena_of_Valor_Premier_League/2026/Playoffs,0.78,1,biron,zephys,mganga,capheny,teemee,marja,violet,liliana,mina,thane,zata,sinestrea,iggy,ignis,toro,alice,ryoma,yena
Arena_of_Valor_Premier_League/2026/Playoffs,0.78,2,toro,nakroth,natalya,eland'orr,y'bneth,qi,zephys,rouie,wisp,enzo,sinestrea,aoi,omen,cresht,alice,zata,aya,florentino
Arena_of_Valor_Premier_League/2026/Playoffs,0.78,1,ryoma,volkath,heino,violet,thane,richter,aoi,lorion,stuart,dyadia,zata,sinestrea,krizzix,omen,alice,taara,qi,florentino
Arena_of_Valor_Premier_League/2026/Playoffs,0.78,2,marja,taara,iggy,eland'orr,baldum,biron,zephys,mganga,flowborn,enzo,rouie,dolia,ryoma,murad,billow,y'bneth,astrid,zata
Arena_of_Valor_Premier_League/2026/Playoffs,0.78,1,ryoma,astrid,liliana,capheny,cresht,marja,tachi,lorion,stuart,toro,dolia,rouie,aya,alice,y'bneth,flowborn,keera,billow
Arena_of_Valor_Premier_League/2026/Playoffs,0.78,1,skud,sinestrea,alice,flowborn,y'bneth,taara,billow,flowborn,hayate,teemee,eland'orr,dolia,zata,florentino,rouie,mganga,qi,zephys
Arena_of_Valor_Premier_League/2026/Playoffs,0.78,2,omen,tachi,zata,violet,toro,maloch,nakroth,liliana,moren,cresht,alice,volkath,florentino,eland'orr,rouie,dolia,teemee,krizzix
Arena_of_Valor_Premier_League/2026/Playoffs,0.78,2,florentino,nakroth,lorion,hayate,dolia,ryoma,astrid,ignis,violet,y'bneth,alice,zata,murad,volkath,rouie,mganga,keera,billow
Arena_of_Valor_Premier_League/2026/Playoffs,0.78,2,taara,sinestrea,ignis,violet,dolia,mina,volkath,mganga,eland'orr,y'bneth,cresht,alice,krizzix,enzo,capheny,rouie,zata,iggy
Arena_of_Valor_Premier_League/2026/Playoffs,0.78,1,murad,keera,alice,flowborn,thane,marja,nakroth,lorion,hayate,teemee,dolia,rouie,billow,aoi,eland'orr,y'bneth,baldum,krizzix
Arena_of_Valor_Premier_League/2026/Playoffs,0.78,2,ryoma,tachi,mganga,stuart,enzo,airi,edras,iggy,capheny,toro,dolia,flowborn,murad,zata,marja,rouie,wisp,florentino
Arena_of_Valor_Premier_League/2026/Playoffs,0.78,1,maloch,billow,lorion,capheny,xeniel,taara,tachi,rouie,wisp,wiro,flowborn,dolia,enzo,thane,marja,y'bneth,florentino,airi
Arena_of_Valor_Premier_League/2026/Playoffs,0.78,1,qi,volkath,zata,hayate,y'bneth,richter,billow,alice,violet,cresht,dolia,flowborn,murad,keera,rouie,marja,florentino,aoi
Arena_of_Valor_Premier_League/2026/Playoffs,0.78,1,airi,butterfly,alice,elandorr,thane,taara,wonder woman,zata,capheny,dolia,rouie,volkath,murad,aoi,y'bneth,enzo,cresht,teemee
Arena_of_Valor_Premier_League/2026/Playoffs,0.78,1,ryoma,sinestrea,zata,violet,toro,marja,zephys,lorion,flowborn,cresht,ybneth,alice,billow,volkath,rouie,dolia,mganga,aya
Arena_of_Valor_Premier_League/2026/Playoffs,0.78,1,yena,billow,mganga,capheny,baldum,qi,butterfly,ignis,violet,toro,alice,volkath,krizzix,teemee,rouie,ybneth,enzo,cresht
Arena_of_Valor_Premier_League/2026/Playoffs,0.78,1,ryoma,wonder woman,liliana,violet,enzo,marja,zephys,yue,capheny,teemee,rouie,zata,mganga,volkath,eland'orr,dolia,murad,sinestrea
Arena_of_Valor_Premier_League/2026/Playoffs,0.78,1,airi,zephys,lorion,capheny,y'bneth,yena,tachi,rouie,eland'orr,thane,ryoma,flowborn,omen,mina,marja,volkath,nakroth,sinestrea
Arena_of_Valor_Premier_League/2026/Playoffs,0.78,2,qi,billow,zata,eland'orr,cresht,skud,volkath,alice,flowborn,wiro,toro,y'bneth,ryoma,omen,rouie,dolia,keera,aoi
Arena_of_Valor_Premier_League/2026/Playoffs,0.78,2,marja,aoi,ignis,wisp,teemee,taara,billow,annette,violet,cresht,y'bneth,mganga,qi,zata,rouie,dolia,alice,florentino
Arena_of_Valor_Premier_League/2026/Playoffs,0.78,1,zanis,volkath,iggy,flowborn,wiro,biron,sinestrea,mganga,hayate,enzo,y'bneth,baldum,stuart,murad,rouie,dolia,krizzix,florentino
Arena_of_Valor_Premier_League/2026/Playoffs,0.78,1,qi,keera,alice,flowborn,teemee,riktor,taara,kahlii,elandorr,dolia,ybneth,volkath,baldum,krizzix,rouie,zata,billow,zephys
Arena_of_Valor_Premier_League/2026/Playoffs,0.78,1,marja,billow,mganga,capheny,enzo,murad,violet,iggy,toro,teemee,flowborn,volkath,qi,ryoma,rouie,zata,zephys,nakroth
Arena_of_Valor_Premier_League/2026/Playoffs,0.78,1,riktor,sinestrea,zata,wisp,dolia,ryoma,volkath,alice,hayate,thane,flowborn,rouie,krizzix,baldum,elandorr,ybneth,tachi,florentino
Arena_of_Valor_Premier_League/2026/Playoffs,0.78,2,airi,billow,ignis,flowborn,toro,qi,zephys,rouie,stuart,thane,dolia,marja,maloch,enzo,y'bneth,eland'orr,krizzix,omen
Arena_of_Valor_Premier_League/2026/Playoffs,0.78,1,marja,zuka,zata,capheny,wiro,taara,nakroth,mganga,flowborn,enzo,dolia,billow,violet,moren,rouie,eland'orr,teemee,tachi
Arena_of_Valor_Premier_League/2026/Playoffs,0.78,1,skud,sinestrea,lorion,eland'orr,y'bneth,mina,keera,zata,violet,baldum,dolia,billow,marja,florentino,rouie,tachi,zephys,nakroth
Arena_of_Valor_Premier_League/2026/Playoffs,0.78,2,ryoma,tachi,gildur,violet,teemee,biron,billow,iggy,elsu,toro,y'bneth,dolia,maloch,omen,rouie,enzo,qi,kahlii
Arena_of_Valor_Premier_League/2026/Playoffs,0.78,1,richter,zephys,yue,valhein,maloch,airi,tachi,liliana,fennik,teemee,dolia,y'bneth,marja,ignis,rouie,enzo,omen,mganga
Arena_of_Valor_Premier_League/2026/Playoffs,0.78,2,omen,nakroth,mganga,stuart,dyadia,skud,astrid,ignis,eland'orr,cresht,dolia,y'bneth,maloch,marja,rouie,enzo,thane,mina
Arena_of_Valor_Premier_League/2026/Playoffs,0.78,1,marja,taara,lorion,eland'orr,cresht,ryoma,zephys,iggy,violet,toro,dolia,rouie,mganga,zata,y'bneth,flowborn,sinestrea,enzo
Arena_of_Valor_Premier_League/2026/Playoffs,0.78,1,marja,murad,zata,wisp,enzo,ryoma,zephys,yue,elandorr,ybneth,alice,butterfly,liliana,sinestrea,rouie,dolia,violet,flowborn
Arena_of_Valor_Premier_League/2026/Playoffs,0.78,2,qi,arthur,mganga,elandorr,dyadia,toro,butterfly,ignis,violet,krizzix,alice,zata,billow,airi,rouie,ybneth,taara,skud
Arena_of_Valor_Premier_League/2026/Playoffs,0.78,1,skud,keera,annette,flowborn,krizzix,yena,nakroth,lorion,capheny,cresht,rouie,zata,xeniel,teemee,ybneth,alice,ignis,liliana
Arena_of_Valor_Premier_League/2026/Playoffs,0.78,2,airi,billow,gildur,violet,thane,omen,keera,iggy,stuart,omega,alice,zata,qi,mganga,rouie,ybneth,lorion,ignis
Arena_of_Valor_Premier_League/2026/Playoffs,0.78,2,biron,zephys,ignis,capheny,toro,marja,billow,mganga,wisp,dyadia,rouie,zata,flowborn,hayate,ybneth,alice,grakk,edras
Arena_of_Valor_Premier_League/2026/Playoffs,0.78,2,riktor,nakroth,lorion,hayate,xeniel,airi,sinestrea,annette,valhein,thane,dolia,alice,tachi,liliana,rouie,ybneth,omen,yena
Arena_of_Valor_Premier_League/2026/Playoffs,0.78,2,yena,tachi,zata,valhein,maloch,skud,butterfly,alice,wisp,taara,ryoma,violet,hayate,murad,rouie,marja,flowborn,omen
Arena_of_Valor_Premier_League/2026/Playoffs,0.78,2,florentino,keera,liliana,flowborn,y'bneth,qi,zuka,rouie,hayate,enzo,teemee,marja,omen,nakroth,alice,eland'orr,lorion,airi
Arena_of_Valor_Premier_League/2026/Playoffs,0.78,2,marja,zuka,lorion,hayate,taara,airi,violet,ignis,ryoma,wiro,y'bneth,dolia,annette,mganga,alice,rouie,omen,qi
Arena_of_Valor_Premier_League/2026/Playoffs,0.78,1,airi,ryoma,iggy,violet,wiro,marja,zephys,liliana,stuart,omega,y'bneth,dolia,zata,aoi,alice,rouie,teemee,krizzix
Arena_of_Valor_Premier_League/2026/Playoffs,0.78,1,mina,billow,mganga,eland'orr,krizzix,maloch,sinestrea,yue,fennik,toro,y'bneth,zata,florentino,elsu,rouie,alice,wisp,capheny
Arena_of_Valor_Premier_League/2026/Playoffs,0.78,2,skud,enzo,ignis,wisp,teemee,florentino,nakroth,annette,flowborn,tachi,zata,omen,dolia,ybneth,alice,rouie,qi,zephys
Arena_of_Valor_Premier_League/2026/Playoffs,0.78,2,marja,zephys,lorion,fennik,maloch,ryoma,sinestrea,rouie,hayate,y'bneth,alice,eland'orr,tachi,keera,zata,flowborn,capheny,billow
Arena_of_Valor_Premier_League/2026/Playoffs,0.78,2,taara,tachi,mganga,violet,enzo,qi,zephys,ignis,flowborn,teemee,marja,alice,maloch,edras,rouie,zata,sinestrea,billow
Arena_of_Valor_Premier_League/2026/Playoffs,0.78,2,yena,nakroth,zata,laville,y'bneth,airi,tachi,alice,eland'orr,wiro,marja,dolia,thane,taara,rouie,sinestrea,flowborn,omen
Arena_of_Valor_Premier_League/2026/Playoffs,0.78,1,qi,astrid,ignis,eland'orr,cresht,yena,edras,lorion,violet,toro,dolia,capheny,maloch,marja,rouie,alice,hayate,billow
Arena_of_Valor_Premier_League/2026/Playoffs,0.78,2,skud,billow,iggy,elsu,toro,biron,zuka,zata,capheny,enzo,dolia,marja,maloch,taara,rouie,alice,flowborn,omen
Arena_of_Valor_Premier_League/2026/Playoffs,0.78,2,marja,zuka,iggy,valhein,toro,ryoma,sinestrea,mganga,capheny,thane,y'bneth,zata,cresht,dyadia,rouie,alice,billow,ignis
Arena_of_Valor_Premier_League/2026/Playoffs,0.78,2,ata,taara,lorion,eland'orr,cresht,qi,billow,ignis,violet,toro,rouie,dolia,zata,maloch,y'bneth,alice,mina,airi
Arena_of_Valor_Premier_League/2026/Playoffs,0.78,1,richter,tachi,mganga,violet,enzo,airi,nakroth,azzen'ka,valhein,omega,rouie,dolia,zata,iggy,y'bneth,billow,omen,baldum
Arena_of_Valor_Premier_League/2026/Playoffs,0.78,2,maloch,aoi,kahlii,flowborn,dolia,murad,tamyn,yue,stuart,alice,zata,butterfly,florentino,krizzix,rouie,y'bneth,keera,sinestrea
Arena_of_Valor_Premier_League/2026/Playoffs,0.78,2,mina,billow,zata,tel'annas,omega,marja,tachi,annette,eland'orr,y'bneth,dolia,rouie,butterfly,keera,alice,capheny,qi,ryoma
Arena_of_Valor_Premier_League/2026/Playoffs,0.78,2,qi,zuka,rouie,hayate,enzo,airi,sinestrea,lorion,flowborn,y'bneth,,dolia,ryoma,mina,marja,aoi,billow,eland'orr
Arena_of_Valor_Premier_League/2026/Playoffs,0.78,2,ryoma,tamyn,zata,violet,toro,marja,tachi,liliana,eland'orr,dolia,rouie,alice,taara,yue,y'bneth,butterfly,aoi,zephys
Arena_of_Valor_Premier_League/2026/Playoffs,0.78,2,murad,aoi,ignis,stuart,wiro,yena,billow,mganga,capheny,cresht,rouie,alice,teemee,taara,y'bneth,marja,flowborn,wisp
Arena_of_Valor_Premier_League/2026/Playoffs,0.78,1,airi,zephys,gildur,flowborn,y'bneth,yan,zuka,iggy,wisp,enzo,rouie,toro,ryoma,omen,marja,alice,lorion,liliana
Arena_of_Valor_Premier_League/2026/Playoffs,0.78,2,skud,yan,annette,tel'annas,tachi,maloch,nakroth,zata,violet,teemee,rouie,florentino,murad,taara,alice,marja,sinestrea,yena
Arena_of_Valor_Premier_League/2026/Playoffs,0.78,2,mina,tachi,yue,capheny,dolia,richter,eland'orr,zata,valhein,krizzix,y'bneth,alice,maloch,florentino,rouie,marja,annette,taara
Arena_of_Valor_Premier_League/2026/Playoffs,0.78,1,ryoma,billow,lorion,violet,toro,qi,tachi,rouie,flowborn,teemee,dolia,marja,sinestrea,murad,eland'orr,y'bneth,florentino,airi
Arena_of_Valor_Premier_League/2026/Playoffs,0.78,1,richter,butterfly,mganga,stuart,alice,omen,zuka,goverra,capheny,omega,y'bneth,marja,billow,maloch,rouie,cresht,teemee,wiro
Arena_of_Valor_Premier_League/2026/Playoffs,0.78,2,murad,zephys,zata,moren,ybneth,taara,billow,mganga,wisp,enzo,alice,marja,sinestrea,mina,rouie,flowborn mm,valhein,elandorr
Arena_of_Valor_Premier_League/2026/Playoffs,0.78,2,omen,taara,ignis,flowborn mm,teemee,airi,sinestrea,aya,hayate,arthur,marja,alice,lorion,ybneth,rouie,elandorr,liliana,nakroth
Arena_of_Valor_Premier_League/2026/Playoffs,0.78,1,qi,sinestrea,iggy,elandorr,cresht,skud,nakroth,liliana,violet,mina,alice,ybneth,zephys,maloch,rouie,marja,florentino,airi
Arena_of_Valor_Premier_League/2026/Playoffs,0.78,1,marja,billow,annette,elandorr,cresht,qi,keera,alice,flowborn mm,teemee,dolia,rouie,butterfly,sinestrea,ybneth,lorion,goverra,zata
Arena_of_Valor_Premier_League/2026/Playoffs,0.78,1,ryoma,keera,lorion,capheny,teemee,marja,zephys,heino,wisp,cresht,rouie,billow,zata,alice,ybneth,krizzix,mganga,sinestrea
Arena_of_Valor_Premier_League/2026/Playoffs,0.78,1,yena,butterfly,zata,wisp,enzo,qi,billow,liliana,violet,ybneth,rouie,elandorr,lorion,annette,alice,dolia,mganga,marja
Arena_of_Valor_Premier_League/2026/Playoffs,0.78,1,airi,astrid,rouie,violet,toro,riktor,tachi,lorion,elandorr,wiro,zata,alice,omen,dolia,ybneth,marja,billow,sinestrea
Arena_of_Valor_Premier_League/2026/Playoffs,0.78,2,qi,billow,alice,elandorr,ybneth,ryoma,butterfly,mganga,stuart,enzo,rouie,zata,mina,airi,sinestrea,marja,cresht,wiro
Arena_of_Valor_Premier_League/2026/Playoffs,0.78,2,taara,tachi,mganga,stuart,dolia,skud,sinestrea,zata,valhein,maloch,alice,rouie,airi,ignis,marja,krizzix,annette,florentino
Arena_of_Valor_Premier_League/2026/Playoffs,0.78,1,murad,nakroth,ignis,valhein,thane,airi,keera,annette,capheny,toro,alice,rouie,zuka,astrid,marja,sinestrea,florentino,omen
Arena_of_Valor_Premier_League/2026/Swiss_Stage,0.67,1,taara,billow,zata,violet,dolia,omen,volkath,liliana,stuart,alice,toro,krizzix,flowborn,eland'orr,sinestrea,rouie,murad,florentino
Arena_of_Valor_Premier_League/2026/Swiss_Stage,0.67,2,marja,sinestrea,annette,capheny,chaugnar,murad,nakroth,iggy,eland'orr,y'bneth,toro,flowborn,billow,zephys,zata,rouie,liliana,gildur
Arena_of_Valor_Premier_League/2026/Swiss_Stage,0.67,2,airi,keera,zata,valhein,alice,taara,volkath,liliana,wisp,dolia,rouie,sinestrea,eland'orr,flowborn,krizzix,toro,omen,florentino
Arena_of_Valor_Premier_League/2026/Swiss_Stage,0.67,2,marja,zephys,rouie,hayate,maloch,qi,kriknak,lorion,flowborn,y'bneth,volkath,krizzix,billow,nakroth,sinestrea,eland'orr,toro,enzo
Arena_of_Valor_Premier_League/2026/Swiss_Stage,0.67,1,marja,billow,kahlii,capheny,y'bneth,murad,eland'orr,iggy,flowborn,toro,volkath,krizzix,lorion,liliana,rouie,dolia,zephys,zata
Arena_of_Valor_Premier_League/2026/Swiss_Stage,0.67,2,airi,billow,liliana,stuart,toro,qi,marja,zata,eland'orr,enzo,sinestrea,rouie,aoi,zephys,taara,volkath,murad,mina
Arena_of_Valor_Premier_League/2026/Swiss_Stage,0.67,2,qi,nakroth,liliana,elsu,toro,skud,billow,iggy,flowborn,y'bneth,zata,rouie,omen,taara,eland'orr,hayate,aya,gildur
Arena_of_Valor_Premier_League/2026/Swiss_Stage,0.67,2,qi,keera,mganga,flowborn,thane,skud,billow,zata,eland'orr,toro,y'bneth,dolia,airi,marja,sinestrea,rouie,mina,ryoma
Arena_of_Valor_Premier_League/2026/Swiss_Stage,0.67,1,qi,tachi,rouie,wisp,enzo,airi,billow,lorion,eland'orr,toro,capheny,violet,aoi,sinestrea,dolia,flowborn,volkath,mina
Arena_of_Valor_Premier_League/2026/Swiss_Stage,0.67,2,florentino,zephys,krixi,eland'orr,enzo,airi,volkath,lorion,capheny,y'bneth,toro,dolia,murad,zata,rouie,flowborn,marja,mganga
Arena_of_Valor_Premier_League/2026/Swiss_Stage,0.67,2,skud,volkath,alice,capheny,dyadia,yena,tachi,zata,stuart,dolia,rouie,marja,flowborn,mina,toro,eland'orr,krizzix,enzo
Arena_of_Valor_Premier_League/2026/Swiss_Stage,0.67,1,airi,butterfly,alice,eland'orr,cresht,skud,max,zata,valhein,dolia,rouie,volkath,stuart,qi,ryoma,iggy,marja,krizzix
Arena_of_Valor_Premier_League/2026/Swiss_Stage,0.67,2,skud,volkath,rouie,flowborn,enzo,zanis,nakroth,lorion,wisp,y'bneth,eland'orr,dolia,taara,florentino,sinestrea,marja,toro,chaugnar
Arena_of_Valor_Premier_League/2026/Swiss_Stage,0.67,1,yena,tachi,rouie,hayate,enzo,florentino,zephys,liliana,flowborn,y'bneth,eland'orr,lorion,nakroth,billow,sinestrea,volkath,skud,marja
Arena_of_Valor_Premier_League/2026/Swiss_Stage,0.67,1,marja,billow,flowborn,eland'orr,y'bneth,taara,keera,alice,capheny,baldum,rouie,flowborn,lorion,zata,toro,dolia,mina,skud
Arena_of_Valor_Premier_League/2026/Swiss_Stage,0.67,2,skud,wonder woman,mganga,violet,enzo,airi,billow,iggy,flowborn,toro,ybneth,alice,marja,florentino,rouie,zata,dyadia,elandorr
Arena_of_Valor_Premier_League/2026/Swiss_Stage,0.67,2,skud,billow,alice,elandorr,cresht,florentino,volkath,liliana,violet,enzo,ryoma,toro,mina,omen,rouie,zata,baldum,krizzix
Arena_of_Valor_Premier_League/2026/Swiss_Stage,0.67,1,qi,volkath,rouie,elandorr,enzo,yena,zuka,lorion,capheny,ybneth,marja,tachi,zephys,keera,toro,flowborn,skud,edras
Arena_of_Valor_Premier_League/2026/Swiss_Stage,0.67,2,mina,tachi,rouie,capheny,enzo,maloch,sinestrea,lorion,elandorr,ybneth,volkath,dolia,billow,airi,marja,hayate,florentino,zephys
Arena_of_Valor_Premier_League/2026/Wildcard,0.56,2,billow,volkath,liliana,stuart,baldum,skud,keera,lorion,flowborn,y'bneth,toro,marja,omen,eland'orr,sinestrea,zata,mganga,gildur
Arena_of_Valor_Premier_League/2026/Wildcard,0.56,2,qi,murad,krixi,valhein,toro,richter,tachi,iggy,eland'orr,teemee,marja,sinestrea,ryoma,volkath,flowborn,zata,florentino,omen
Arena_of_Valor_Premier_League/2026/Wildcard,0.56,2,qi,tachi,gildur,flowborn,y'bneth,airi,billow,rouie,elsu,toro,lorion,eland'orr,hayate,florentino,sinestrea,zata,skud,marja
Arena_of_Valor_Premier_League/2026/Wildcard,0.56,1,ryoma,edras,iggy,hayate,toro,marja,zephys,mganga,capheny,teemee,sinestrea,zata,dyadia,dolia,eland'orr,volkath,rouie,murad
Arena_of_Valor_Premier_League/2026/Wildcard,0.56,2,mina,nakroth,lorion,violet,teemee,skud,eland'orr,gildur,stuart,enzo,volkath,tachi,flowborn,y'bneth,zata,sinestrea,zephys,omen
Arena_of_Valor_Premier_League/2026/Wildcard,0.56,2,skud,zuka,natalya,capheny,dyadia,florentino,aoi,iggy,flowborn,y'bneth,sinestrea,volkath,edras,billow,toro,aya,taara,zephys
Arena_of_Valor_Premier_League/2026/Wildcard,0.56,2,taara,keera,heino,stuart,toro,marja,zephys,mganga,eland'orr,thane,sinestrea,volkath,teemee,rouie,ryoma,,qi,omen
Arena_of_Valor_Premier_League/2026/Wildcard,0.56,2,marja,billow,rouie,eland'orr,wiro,qi,zephys,ignis,flowborn,toro,y'bneth,zata,ryoma,mina,sinestrea,volkath,omen,taara
Arena_of_Valor_Premier_League/2026/Wildcard,0.56,1,yena,astrid,azzen'ka,violet,dolia,richter,billow,zata,hayate,volkath,sinestrea,rouie,krizzix,y'bneth,flowborn,capheny,omen,murad
Arena_of_Valor_Premier_League/2026/Wildcard,0.56,1,ryoma,volkath,gildur,wisp,toro,skud,nakroth,liliana,capheny,y'bneth,rouie,dolia,omen,mganga,sinestrea,flowborn,lorion,ignis
Arena_of_Valor_Premier_League/2026/Wildcard,0.56,2,airi,errol,rouie,flowborn,cresht,qi,max,zata,stuart,dolia,sinestrea,eland'orr,hayate,fennik,volkath,lorion,marja,tachi
Arena_of_Valor_Premier_League/2026/Wildcard,0.56,2,ryoma,keera,iggy,eland'orr,toro,marja,zephys,mganga,slimz,y'bneth,rouie,sinestrea,flowborn,capheny,billow,zata,hayate,volkath
Arena_of_Valor_Premier_League/2026/Wildcard,0.56,2,richter,astrid,mganga,violet,teemee,florentino,billow,lorion,tel'annas,enzo,flowborn,sinestrea,hayate,valhein,zata,marja,volkath,murad
Arena_of_Valor_Premier_League/2026/Wildcard,0.56,1,marja,billow,aya,elsu,toro,ryoma,zephys,gildur,flowborn,roxie,eland'orr,rouie,qi,omen,sinestrea,zata,lorion,mganga
Arena_of_Valor_Premier_League/2026/Wildcard,0.56,1,richter,kriknak,gildur,eland'orr,y'bneth,qi,keera,rouie,wisp,chaugnar,toro,marja,omen,murad,sinestrea,zata,zephys,nakroth
Arena_of_Valor_Premier_League/2026/Wildcard,0.56,1,taara,zephys,liliana,hayate,baldum,yena,yan,zata,capheny,volkath,toro,eland'orr,marja,florentino,rouie,dolia,omen,sinestrea
Arena_of_Valor_Premier_League/2026/Wildcard,0.56,2,marja,keera,maloch,fennik,dolia,yena,volkath,zata,eland'orr,roxie,sinestrea,flowborn,enzo,teemee,toro,lorion,stuart,omen
Arena_of_Valor_Premier_League/2026/Wildcard,0.56,2,biron,zephys,iggy,hayate,toro,skud,billow,rouie,capheny,chaugnar,sinestrea,flowborn,stuart,valhein,lorion,volkath,richter,eland'orr
Arena_of_Valor_Premier_League/2026/Wildcard,0.56,2,qi,billow,taara,flowborn,aya,omen,butterfly,raz,violet,dyadia,y'bneth,sinestrea,florentino,maloch,volkath,lorion,tachi,skud
Arena_of_Valor_Premier_League/2026/Wildcard,0.56,2,taara,ryoma,krixi,valhein,thane,yena,zuka,iggy,eland'orr,y'bneth,sinestrea,flowborn,volkath,florentino,rouie,toro,billow,skud
Arena_of_Valor_Premier_League/2026/Wildcard,0.56,2,yena,zuka,zata,flowborn,dolia,marja,billow,annette,edras,volkath,sinestrea,toro,stuart,raz,eland'orr,y'bneth,murad,omen
Arena_of_Valor_Premier_League/2026/Wildcard,0.56,2,skud,nakroth,iggy,fennik,dyadia,omen,zephys,goverra,valhein,ming,sinestrea,florentino,thane,teemee,volkath,y'bneth,stuart,billow
Arena_of_Valor_Premier_League/2026/Wildcard,0.56,1,richter,keera,zata,capheny,baldum,yena,volkath,liliana,hayate,dolia,y'bneth,toro,florentino,omen,sinestrea,rouie,eland'orr,flowborn
Arena_of_Valor_Premier_League/2026/Wildcard,0.56,1,ryoma,zephys,heino,violet,toro,richter,edras,lorion,eland'orr,cresht,y'bneth,zata,florentino,omen,rouie,sinestrea,aya,mganga
Arena_of_Valor_Premier_League/2026/Wildcard,0.56,2,marja,sinestrea,azzen'ka,wisp,wiro,qi,zephys,rouie,flowborn,teemee,zata,toro,krizzix,max,elandorr,y'bneth,lorion,gildur
Arena_of_Valor_Premier_League/2026/Wildcard,0.56,1,airi,taara,lorion,flowborn,y'bneth,florentino,marja,natalya,stuart,toro,sinestrea,zata,aya,tachi,rouie,eland'orr,qi,biron
Arena_of_Valor_Premier_League/2026/Wildcard,0.56,2,marja,billow,lorion,capheny,xeniel,murad,zephys,rouie,wisp,toro,flowborn,ryoma,volkath,qi,sinestrea,eland'orr,y'bneth,teemee
Arena_of_Valor_Premier_League/2026/Wildcard,0.56,1,airi,zephys,iggy,flowborn,teemee,richter,billow,mganga,eland'orr,y'bneth,sinestrea,zata,marja,stuart,rouie,ryoma,omen,qi
Arena_of_Valor_Premier_League/2026/Wildcard,0.56,2,yena,zuka,zata,fennik,dolia,skud,nakroth,annette,hayate,teemee,marja,volkath,taara,omen,sinestrea,eland'orr,astrid,max
Arena_of_Valor_Premier_League/2026/Wildcard,0.56,2,taara,astrid,gildur,eland'orr,enzo,ryoma,tachi,ignis,flowborn,thane,sinestrea,zata,lorion,goverra,rouie,toro,omen,florentino
RoV_Pro_League/2026/Summer/Playoffs,0.44,1,marja,zuka,goverra,wisp,mina,ryoma,zephys,raz,capheny,teemee,rouie,violet,iggy,tachi,toro,sinestrea,mganga,lorion
RoV_Pro_League/2026/Summer/Playoffs,0.44,1,florentino,zephys,ignis,elandorr,thane,yena,zuka,iggy,violet,toro,rouie,marja,murad,airi,ryoma,sinestrea,gildur,tachi
RoV_Pro_League/2026/Summer/Playoffs,0.44,2,yena,tachi,rouie,capheny,baldum,riktor,billow,lorion,hayate,ybneth,marja,elandorr,florentino,nakroth,sinestrea,toro,chaugnar,teemee
RoV_Pro_League/2026/Summer/Playoffs,0.44,1,qi,billow,iggy,stuart,toro,biron,marja,natalya,wisp,enzo,rouie,tachi,florentino,volkath,hayate,sinestrea,murad,keera
RoV_Pro_League/2026/Summer/Playoffs,0.44,1,riktor,yan,mganga,violet,dyadia,qi,keera,zata,stuart,baldum,rouie,tachi,dolia,krizzix,hayate,sinestrea,volkath,murad
RoV_Pro_League/2026/Summer/Playoffs,0.44,2,yena,billow,lorion,valhein,ybneth,qi,zephys,rouie,capheny,chaugnar,marja,sinestrea,teemee,florentino,toro,dolia,tachi,skud
RoV_Pro_League/2026/Summer/Playoffs,0.44,2,biron,yan,zata,capheny,dolia,yena,billow,aya,fennik,toro,marja,sinestrea,elandorr,murad,rouie,hayate,florentino,tachi
RoV_Pro_League/2026/Summer/Playoffs,0.44,2,marja,sinestrea,annette,hayate,teemee,biron,keera,ilumia,violet,krizzix,ybneth,zata,iggy,yue,rouie,toro,elsu,fennik
RoV_Pro_League/2026/Summer/Playoffs,0.44,2,airi,zephys,iggy,violet,cresht,omen,tachi,liliana,valhein,taara,marja,zata,murad,sinestrea,rouie,toro,maloch,florentino
RoV_Pro_League/2026/Summer/Playoffs,0.44,1,riktor,zuka,lorion,hayate,ybneth,yena,zephys,rouie,capheny,krizzix,sinestrea,teemee,chaugnar,enzo,tachi,elandorr,mina,billow
RoV_Pro_League/2026/Summer/Playoffs,0.44,1,mina,edras,liliana,fennik,teemee,qi,sinestrea,iggy,elsu,taara,hayate,violet,enzo,aya,rouie,toro,zata,omen
RoV_Pro_League/2026/Summer/Playoffs,0.44,1,ryoma,nakroth,iggy,violet,enzo,florentino,tachi,liliana,wisp,omega,hayate,elandorr,murad,airi,toro,marja,billow,sinestrea
RoV_Pro_League/2026/Summer/Playoffs,0.44,1,toro,sinestrea,mganga,capheny,chaugnar,mina,elandorr,heino,stuart,thane,violet,ryoma,omen,murad,rouie,marja,aya,florentino
RoV_Pro_League/2026/Summer/Playoffs,0.44,2,biron,sinestrea,gildur,fennik,teemee,marja,edras,annette,stuart,enzo,rouie,aya,elsu,violet,lorion,mganga,qi,toro
RoV_Pro_League/2026/Summer/Playoffs,0.44,2,marja,zuka,ignis,valhein,volkath,ryoma,zephys,iggy,violet,baldum,rouie,dolia,biron,elandorr,toro,murad,billow,enzo
RoV_Pro_League/2026/Summer/Playoffs,0.44,1,florentino,keera,rouie,thorne,krizzix,yena,tachi,gildur,hayate,ybneth,sinestrea,chaugnar,lorion,goverra,violet,elandorr,skud,omen
RoV_Pro_League/2026/Summer/Playoffs,0.44,2,yena,yan,mganga,stuart,dyadia,skud,billow,zata,wisp,toro,rouie,dolia,krizzix,florentino,violet,enzo,tachi,zephys
RoV_Pro_League/2026/Summer/Playoffs,0.44,1,riktor,billow,lorion,capheny,grakk,biron,elandorr,mganga,fennik,dyadia,rouie,florentino,mina,volkath,violet,toro,enzo,ybneth
RoV_Pro_League/2026/Summer/Playoffs,0.44,2,ryoma,nakroth,liliana,hayate,mina,florentino,sinestrea,goverra,capheny,krizzix,rouie,lorion,teemee,aya,violet,toro,murad,elandorr
RoV_Pro_League/2026/Summer/Group_Stage,0.33,1,skud,billow,rouie,hayate,toro,murad,keera,lorion,wisp,y'bneth,annette,eland'orr,qi,florentino,sinestrea,zata,mganga,marja
RoV_Pro_League/2026/Summer/Group_Stage,0.33,1,taara,zephys,mganga,stuart,dolia,marja,sinestrea,iggy,elsu,thane,rouie,enzo,skud,maloch,eland'orr,zata,tachi,keera
RoV_Pro_League/2026/Summer/Group_Stage,0.33,1,richter,murad,aya,elsu,annette,qi,tachi,yue,capheny,taara,rouie,zata,kahlii,dolia,sinestrea,eland'orr,florentino,marja
RoV_Pro_League/2026/Summer/Group_Stage,0.33,1,marja,edras,zata,fennik,dolia,murad,tachi,mganga,hayate,toro,eland'orr,enzo,teemee,annette,valhein,stuart,qi,capheny
RoV_Pro_League/2026/Summer/Group_Stage,0.33,2,biron,billow,natalya,valhein,ybneth,skud,elandorr,lorion,wisp,enzo,zata,marja,florentino,edras,sinestrea,tachi,mganga,iggy
RoV_Pro_League/2026/Summer/Group_Stage,0.33,2,qi,tachi,heino,stuart,teemee,airi,marja,rouie,elsu,ybneth,zata,sinestrea,florentino,keera,murad,lorion,enzo,ignis
RoV_Pro_League/2026/Summer/Group_Stage,0.33,1,florentino,zephys,iggy,elsu,annette,taara,keera,tulen,capheny,teemee,zata,valhein,aya,dolia,sinestrea,rouie,skud,toro
RoV_Pro_League/2026/Summer/Group_Stage,0.33,1,airi,volkath,lorion,elandorr,toro,riktor,billow,iggy,erin,dolia,zata,valhein,stuart,maloch,rouie,sinestrea,skud,murad
RoV_Pro_League/2026/Summer/Group_Stage,0.33,1,murad,tachi,annette,capheny,thane,biron,veres,zata,elsu,dolia,billow,enzo,florentino,elandorr,sinestrea,valhein,teemee,toro
RoV_Pro_League/2026/Summer/Group_Stage,0.33,1,edras,zephys,ignis,elsu,gildur,skud,tachi,iggy,elandorr,ybneth,rouie,sinestrea,marja,florentino,zata,valhein,yue,lorion
RoV_Pro_League/2026/Summer/Group_Stage,0.33,1,marja,sinestrea,mganga,hayate,dolia,qi,keera,yue,stuart,teemee,billow,lorion,enzo,krizzix,zata,rouie,toro,ybneth
RoV_Pro_League/2026/Summer/Group_Stage,0.33,2,skud,edras,rouie,hayate,teemee,airi,tachi,lorion,wisp,ybneth,dolia,elandorr,marja,stuart,sinestrea,billow,florentino,elsu
RoV_Pro_League/2026/Summer/Group_Stage,0.33,2,qi,zephys,zata,stuart,ming,edras,taara,mganga,elandorr,dolia,sinestrea,rouie,elsu,skud,tachi,murad,florentino,enzo
RoV_Pro_League/2026/Summer/Group_Stage,0.33,2,airi,billow,ignis,capheny,ybneth,skud,volkath,rouie,fennik,enzo,marja,sinestrea,hayate,stuart,elandorr,lorion,florentino,murad
RoV_Pro_League/2026/Summer/Group_Stage,0.33,2,qi,keera,mganga,elsu,dolia,skud,sinestrea,zata,stuart,toro,edras,billow,ybneth,florentino,tachi,capheny,errol,elandorr
RoV_Pro_League/2026/Summer/Group_Stage,0.33,1,marja,elandorr,rouie,fennik,toro,ryoma,edras,mganga,wisp,ybneth,dolia,lorion,qi,biron,capheny,valhein,murad,hayate
RoV_Pro_League/2026/Summer/Group_Stage,0.33,1,skud,tachi,iggy,capheny,ybneth,mina,murad,lorion,hayate,maloch,marja,billow,volkath,florentino,valhein,zata,qi,airi
RoV_Pro_League/2026/Summer/Group_Stage,0.33,2,ryoma,billow,lorion,wisp,enzo,florentino,elandorr,annette,valhein,baldum,marja,tachi,volkath,teemee,murad,stuart,airi,hayate
RoV_Pro_League/2026/Summer/Group_Stage,0.33,2,biron,errol,aya,stuart,taara,marja,keera,iggy,capheny,helen,rouie,tachi,teemee,ming,murad,hayate,sinestrea,volkath
RoV_Pro_League/2026/Summer/Group_Stage,0.33,2,airi,sinestrea,yue,hayate,toro,omen,billow,annette,stuart,krizzix,mganga,elandorr,marja,yena,zata,rouie,qi,skud
RoV_Pro_League/2026/Summer/Group_Stage,0.33,2,marja,tachi,liliana,stuart,dolia,ryoma,murad,zata,hayate,ybneth,sinestrea,mganga,elandorr,keera,iggy,annette,elsu,qi
RoV_Pro_League/2026/Summer/Group_Stage,0.33,2,skud,elandorr,aya,fennik,taara,qi,enzo,iggy,capheny,toro,sinestrea,marja,keera,kriknak,zata,rouie,florentino,elsu
RoV_Pro_League/2026/Summer/Group_Stage,0.33,2,yena,marja,annette,capheny,teemee,qi,tachi,iggy,hayate,ybneth,elandorr,dolia,toro,enzo,rouie,sinestrea,billow,keera
RoV_Pro_League/2026/Summer/Group_Stage,0.33,2,taara,keera,lorion,wisp,ybneth,marja,billow,rouie,fennik,toro,sinestrea,zata,zephys,enzo,murad,elandorr,qi,hayate
RoV_Pro_League/2026/Summer/Group_Stage,0.33,1,skud,tachi,liliana,hayate,dolia,riktor,edras,zata,valhein,enzo,sinestrea,elandorr,capheny,florentino,rouie,elsu,murad,mganga
RoV_Pro_League/2026/Summer/Group_Stage,0.33,2,qi,billow,yue,elandorr,thane,skud,ryoma,mganga,wisp,mina,stuart,elsu,keera,zephys,rouie,sinestrea,iggy,natalya
RoV_Pro_League/2026/Summer/Group_Stage,0.33,1,ryoma,sinestrea,lorion,stuart,dolia,omen,keera,rouie,marja,ybneth,elandorr,valhein,billow,wisp,zata,edras,qi,enzo
RoV_Pro_League/2026/Summer/Group_Stage,0.33,1,florentino,errol,zata,fennik,cresht,airi,zephys,annette,valhein,toro,sinestrea,elandorr,billow,murad,edras,ybneth,tachi,volkath
RoV_Pro_League/2026/Summer/Group_Stage,0.33,1,marja,edras,iggy,capheny,omen,qi,billow,aya,elandorr,taara,zata,sinestrea,murad,stuart,valhein,rouie,helen,teemee
RoV_Pro_League/2026/Summer/Group_Stage,0.33,1,skud,sinestrea,mganga,stuart,dolia,marja,billow,ignis,elsu,enzo,tachi,edras,natalya,iggy,rouie,zata,qi,toro
RoV_Pro_League/2026/Summer/Group_Stage,0.33,1,biron,keera,ignis,valhein,ybneth,yena,tachi,rouie,stuart,toro,edras,dolia,skud,omen,marja,elandorr,florentino,qi
RoV_Pro_League/2026/Summer/Group_Stage,0.33,1,marja,edras,iggy,elsu,thane,qi,keera,zata,capheny,ybneth,sinestrea,dolia,hayate,murad,rouie,enzo,annette,lorion
RoV_Pro_League/2026/Summer/Group_Stage,0.33,2,qi,nakroth,zata,hayate,enzo,skud,tachi,yue,capheny,dolia,mganga,elandorr,annette,liliana,rouie,sinestrea,mina,billow
RoV_Pro_League/2026/Summer/Group_Stage,0.33,1,ryoma,edras,iggy,valhein,ybneth,marja,keera,raz,fennik,enzo,sinestrea,rouie,stuart,toro,elandorr,tachi,teemee,thane
RoV_Pro_League/2026/Summer/Group_Stage,0.33,1,skud,elandorr,heino,aya,toro,maloch,zephys,mganga,stuart,mina,valhein,edras,florentino,qi,rouie,sinestrea,tachi,marja
RoV_Pro_League/2026/Summer/Group_Stage,0.33,1,florentino,billow,liliana,capheny,taara,qi,murad,iggy,hayate,toro,edras,elandorr,teemee,ybneth,sinestrea,rouie,lorion,annette
RoV_Pro_League/2026/Summer/Group_Stage,0.33,2,qi,tachi,annette,wisp,teemee,marja,zephys,zata,hayate,taara,elandorr,dolia,keera,florentino,sinestrea,rouie,elsu,capheny
RoV_Pro_League/2026/Summer/Group_Stage,0.33,2,riktor,elandorr,iggy,stuart,enzo,qi,zuka,mganga,capheny,toro,sinestrea,rouie,murad,keera,marja,zata,florentino,skud
RoV_Pro_League/2026/Summer/Group_Stage,0.33,2,ryoma,keera,heino,hayate,ybneth,yena,elandorr,lorion,fennik,teemee,sinestrea,rouie,skud,billow,zata,mganga,marja,murad
RoV_Pro_League/2026/Summer/Group_Stage,0.33,1,mina,zephys,zata,elandorr,dolia,murad,billow,rouie,fennik,krizzix,tachi,stuart,valhein,enzo,sinestrea,edras,qi,biron
RoV_Pro_League/2026/Summer/Group_Stage,0.33,2,marja,sinestrea,lorion,hayate,toro,qi,taara,iggy,elsu,annette,zata,ybneth,keera,elandorr,edras,rouie,aya,skud
RoV_Pro_League/2026/Summer/Group_Stage,0.33,2,airi,billow,yue,elsu,ybneth,edras,nakroth,mganga,stuart,thane,zata,elandorr,toro,dolia,rouie,iggy,gildur,florentino
RoV_Pro_League/2026/Summer/Group_Stage,0.33,1,biron,taara,iggy,fennik,krizzix,marja,enzo,ignis,valhein,ming,zata,ybneth,toro,elandorr,edras,rouie,keera,murad
RoV_Pro_League/2026/Summer/Group_Stage,0.33,2,murad,keera,rouie,valhein,teemee,mina,sinestrea,lorion,elandorr,wiro,zata,ybneth,toro,florentino,edras,mganga,skud,tachi
RoV_Pro_League/2026/Summer/Group_Stage,0.33,2,murad,tachi,natalya,elsu,toro,taara,sinestrea,mganga,stuart,roxie,dolia,mina,aya,qi,rouie,elandorr,keera,iggy
RoV_Pro_League/2026/Summer/Group_Stage,0.33,2,yena,edras,annette,elandorr,dolia,mina,zephys,zata,capheny,omen,tachi,toro,qi,marja,sinestrea,mganga,skud,florentino
RoV_Pro_League/2026/Summer/Group_Stage,0.33,2,marja,keera,lorion,capheny,ybneth,qi,edras,natalya,wisp,baldum,tachi,toro,enzo,iggy,hayate,sinestrea,stuart,fennik
RoV_Pro_League/2026/Summer/Group_Stage,0.33,2,skud,sinestrea,rouie,stuart,krizzix,qi,elandorr,lorion,fennik,toro,tachi,ybneth,hayate,marja,zata,edras,mganga,mina
RoV_Pro_League/2026/Summer/Group_Stage,0.33,1,yena,enzo,zata,elandorr,toro,skud,billow,liliana,capheny,dolia,stuart,tachi,annette,mganga,edras,marja,valhein,qi
RoV_Pro_League/2026/Summer/Group_Stage,0.33,1,murad,billow,ignis,elsu,ybneth,yena,edras,iggy,wisp,baldum,sinestrea,stuart,enzo,keera,hayate,marja,taara,florentino
RoV_Pro_League/2026/Summer/Group_Stage,0.33,2,bolt baron,tachi,lorion,valhein,dolia,florentino,sinestrea,mganga,stuart,enzo,rouie,ybneth,heino,zata,marja,fennik,airi,iggy
RoV_Pro_League/2026/Summer/Group_Stage,0.33,1,marja,keera,iggy,bright,teemee,biron,nakroth,ignis,hayate,thane,rouie,ybneth,zata,zephys,edras,capheny,wisp,fennik
RoV_Pro_League/2026/Summer/Group_Stage,0.33,2,florentino,edras,rouie,stuart,toro,airi,sinestrea,iggy,wisp,ybneth,elandorr,dolia,hayate,fennik,lorion,zata,marja,enzo
RoV_Pro_League/2026/Summer/Group_Stage,0.33,2,airi,tachi,liliana,fennik,dolia,florentino,billow,zata,valhein,teemee,rouie,edras,keera,elandorr,sinestrea,mganga,murad,marja
RoV_Pro_League/2026/Summer/Group_Stage,0.33,2,marja,nakroth,ignis,hayate,teemee,taara,tachi,annette,stuart,dolia,elandorr,edras,lorion,qi,zata,sinestrea,mganga,iggy
RoV_Pro_League/2026/Summer/Group_Stage,0.33,1,florentino,marja,zata,hayate,taara,ryoma,zephys,mganga,stuart,dolia,tachi,lorion,elandorr,murad,sinestrea,rouie,enzo,krizzix
RoV_Pro_League/2026/Summer/Group_Stage,0.33,2,qi,zephys,lorion,elandorr,rouie,mina,zuka,ignis,wisp,ybneth,zata,murad,keera,billow,sinestrea,tachi,skud,fennik
RoV_Pro_League/2026/Summer/Group_Stage,0.33,2,murad,billow,mganga,capheny,teemee,skud,tachi,zata,valhein,wiro,rouie,marja,qi,toro,sinestrea,edras,annette,iggy
RoV_Pro_League/2026/Summer/Group_Stage,0.33,1,skud,edras,ignis,fennik,krizzix,biron,sinestrea,aya,elandorr,toro,marja,rouie,florentino,murad,tachi,ybneth,maloch,omen
RoV_Pro_League/2026/Summer/Group_Stage,0.33,1,airi,zuka,annette,elsu,ybneth,qi,taara,iggy,hayate,enzo,rouie,marja,billow,florentino,tachi,sinestrea,keera,aoi
RoV_Pro_League/2026/Summer/Group_Stage,0.33,2,qi,tachi,zata,capheny,toro,maloch,elandorr,annette,hayate,dolia,yue,lorion,florentino,fennik,sinestrea,rouie,murad,moren
RoV_Pro_League/2026/Summer/Group_Stage,0.33,2,marja,billow,ignis,stuart,ybneth,qi,keera,iggy,wisp,thane,zata,lorion,enzo,toro,sinestrea,rouie,zephys,elandorr
RoV_Pro_League/2026/Summer/Group_Stage,0.33,2,skud,edras,mganga,wisp,enzo,murad,billow,lorion,moren,toro,zata,marja,florentino,ybneth,sinestrea,rouie,mina,valhein
RoV_Pro_League/2026/Summer/Group_Stage,0.33,1,roxie,sinestrea,iggy,hayate,cresht,qi,edras,liliana,moren,toro,mganga,lorion,aya,murad,zata,rouie,skud,florentino
RoV_Pro_League/2026/Summer/Group_Stage,0.33,2,bolt baron,elandorr,heino,aya,toro,yena,tachi,zata,stuart,dolia,sinestrea,rouie,zephys,taara,annette,lorion,skud,marja
RoV_Pro_League/2026/Summer/Group_Stage,0.33,1,qi,tachi,yue,valhein,ybneth,marja,errol,ignis,hayate,cresht,sinestrea,keera,florentino,enzo,zata,rouie,edras,billow
RoV_Pro_League/2026/Summer/Group_Stage,0.33,1,marja,edras,rouie,wisp,maloch,ryoma,nakroth,lorion,valhein,ybneth,sinestrea,elandorr,keera,zephys,zata,stuart,elsu,fennik
RoV_Pro_League/2026/Summer/Group_Stage,0.33,2,yena,enzo,zata,wisp,krizzix,skud,elandorr,lorion,moren,dolia,tachi,stuart,maloch,valhein,sinestrea,rouie,zephys,mina
RoV_Pro_League/2026/Summer/Group_Stage,0.33,1,marja,billow,iggy,capheny,thane,ryoma,edras,liliana,hayate,mina,qi,murad,zata,keera,sinestrea,rouie,annette,teemee
RoV_Pro_League/2026/Summer/Group_Stage,0.33,2,qi,elandorr,lorion,elsu,gildur,yena,zephys,heino,wisp,teemee,zata,mganga,ybneth,toro,sinestrea,rouie,moren,stuart
RoV_Pro_League/2026/Summer/Group_Stage,0.33,1,biron,sinestrea,ignis,hayate,toro,taara,keera,iggy,elsu,gildur,marja,florentino,qi,murad,rouie,tachi,aya,riktor
RoV_Pro_League/2026/Summer/Group_Stage,0.33,2,florentino,tachi,goverra,stuart,ybneth,qi,nakroth,rouie,fennik,maloch,sinestrea,marja,airi,murad,valhein,dolia,moren,bright
RoV_Pro_League/2026/Summer/Group_Stage,0.33,1,biron,keera,rouie,hayate,krizzix,skud,sinestrea,annette,stuart,toro,murad,qi,lorion,goverra,zata,elandorr,florentino,marja
RoV_Pro_League/2026/Summer/Group_Stage,0.33,1,marja,tachi,zata,stuart,cresht,biron,keera,liliana,moren,dolia,rouie,murad,heino,yue,sinestrea,elandorr,toro,skud
RoV_Pro_League/2026/Summer/Group_Stage,0.33,1,qi,billow,liliana,moren,enzo,florentino,tachi,yue,valhein,wiro,zata,rouie,elsu,cresht,sinestrea,elandorr,iggy,murad
RoV_Pro_League/2026/Summer/Group_Stage,0.33,2,qi,billow,lorion,stuart,dolia,skud,marja,rouie,hayate,toro,elandorr,tachi,ybneth,edras,sinestrea,zata,teemee,thane
RoV_Pro_League/2026/Summer/Group_Stage,0.33,1,yena,tachi,aya,valhein,toro,qi,edras,heino,capheny,maloch,sinestrea,zata,stuart,elsu,elandorr,marja,florentino,iggy
RoV_Pro_League/2026/Summer/Group_Stage,0.33,1,marja,edras,tulen,hayate,taara,airi,tachi,iggy,fennik,teemee,elandorr,murad,dolia,roxie,zata,sinestrea,florentino,liliana
RoV_Pro_League/2026/Summer/Group_Stage,0.33,1,biron,keera,rouie,moren,ybneth,yena,billow,mganga,wisp,xeniel,elandorr,lorion,baldum,enzo,zata,sinestrea,florentino,skud
RoV_Pro_League/2026/Summer/Group_Stage,0.33,2,toro,elandorr,iggy,fennik,zata,marja,zuka,yue,moren,dolia,annette,edras,murad,liliana,rouie,sinestrea,billow,qi
RoV_Pro_League/2026/Summer/Group_Stage,0.33,2,airi,sinestrea,maloch,stuart,dolia,skud,edras,ignis,fennik,toro,elandorr,zata,krizzix,enzo,marja,rouie,florentino,biron
RoV_Pro_League/2026/Summer/Group_Stage,0.33,2,florentino,billow,ignis,moren,enzo,bolt baron,tachi,iggy,stuart,taara,zata,sinestrea,airi,murad,marja,edras,lorion,rouie
RoV_Pro_League/2026/Summer/Group_Stage,0.33,2,skud,sinestrea,lorion,hayate,enzo,omen,billow,iggy,stuart,teemee,elandorr,mganga,florentino,murad,zata,marja,toro,ybneth
RoV_Pro_League/2026/Summer/Group_Stage,0.33,1,maloch,keera,jinnar,moren,dolia,biron,enzo,zata,valhein,toro,sinestrea,rouie,elandorr,marja,stuart,tachi,florentino,qi
RoV_Pro_League/2026/Summer/Group_Stage,0.33,2,biron,edras,zata,elsu,rouie,qi,sinestrea,annette,marja,ybneth,dolia,elandorr,lorion,hayate,stuart,billow,mina,omen
RoV_Pro_League/2026/Summer/Group_Stage,0.33,2,ryoma,nakroth,liliana,stuart,mina,airi,tachi,lorion,elandorr,thane,rouie,mganga,dolia,skud,toro,iggy,marja,murad
RoV_Pro_League/2026/Summer/Group_Stage,0.33,1,omen,marja,rouie,hayate,chaugnar,qi,nakroth,heino,valhein,ybneth,sinestrea,elandorr,billow,zephys,zata,dolia,tachi,toro
RoV_Pro_League/2026/Summer/Group_Stage,0.33,2,skud,elandorr,mganga,telannas,ybneth,ryoma,billow,iggy,wisp,teemee,rouie,sinestrea,murad,florentino,zata,dolia,valhein,tachi
RoV_Pro_League/2026/Summer/Group_Stage,0.33,1,mina,tachi,zata,fennik,taara,riktor,sinestrea,aya,moren,toro,rouie,marja,skud,florentino,dolia,edras,biron,murad
RoV_Pro_League/2026/Summer/Group_Stage,0.33,1,zanis,zephys,yue,moren,dolia,skud,keera,kahlii,stuart,omega,rouie,marja,krizzix,cresht,edras,iggy,florentino,biron
RoV_Pro_League/2026/Summer/Group_Stage,0.33,2,marja,zephys,rouie,fennik,ybneth,yena,keera,lorion,hayate,thane,dolia,elandorr,qi,toro,sinestrea,zata,valhein,billow
RoV_Pro_League/2026/Summer/Group_Stage,0.33,2,biron,elandorr,maloch,elsu,dolia,marja,nakroth,zata,moren,toro,sinestrea,rouie,murad,billow,lorion,keera,stuart,qi
RoV_Pro_League/2026/Summer/Group_Stage,0.33,1,omen,tachi,iggy,wisp,toro,skud,edras,tulen,capheny,enzo,sinestrea,rouie,florentino,elandorr,lorion,keera,stuart,valhein
RoV_Pro_League/2026/Summer/Group_Stage,0.33,2,skud,billow,lorion,hayate,thane,omen,volkath,mganga,stuart,ybneth,rouie,tachi,elandorr,florentino,sinestrea,keera,baldum,enzo
RoV_Pro_League/2026/Summer/Group_Stage,0.33,2,marja,tachi,rouie,stuart,thane,taara,billow,lorion,valhein,maloch,edras,zata,qi,teemee,ybneth,sinestrea,toro,florentino
RoV_Pro_League/2026/Summer/Group_Stage,0.33,2,qi,zuka,lorion,moren,dolia,marja,elandorr,zata,aya,toro,sinestrea,edras,stuart,fennik,valhein,billow,zephys,murad
RoV_Pro_League/2026/Summer/Group_Stage,0.33,2,omen,elandorr,iggy,fennik,taara,murad,edras,ignis,moren,teemee,sinestrea,rouie,mina,dolia,billow,valhein,aya,elsu
RoV_Pro_League/2026/Summer/Group_Stage,0.33,1,florentino,sinestrea,lorion,elsu,dolia,riktor,edras,iggy,stuart,taara,zata,marja,fennik,murad,rouie,aya,moren,hayate
RoV_Pro_League/2026/Summer/Group_Stage,0.33,2,qi,zephys,zata,capheny,ybneth,mina,tachi,yue,elandorr,dolia,sinestrea,mganga,florentino,skud,iggy,rouie,murad,ryoma
RoV_Pro_League/2026/Summer/Group_Stage,0.33,2,yena,keera,mganga,stuart,baldum,biron,billow,raz,fennik,teemee,rouie,marja,hayate,skud,edras,elandorr,enzo,toro
RoV_Pro_League/2026/Summer/Group_Stage,0.33,1,marja,zuka,yue,hayate,krizzix,murad,zephys,mganga,moren,enzo,sinestrea,zata,elsu,valhein,rouie,iggy,mina,omen
RoV_Pro_League/2026/Summer/Group_Stage,0.33,2,skud,elandorr,iggy,wisp,toro,qi,zuka,lorion,valhein,ybneth,rouie,sinestrea,nakroth,marja,billow,tachi,murad,edras
RoV_Pro_League/2026/Summer/Group_Stage,0.33,2,murad,zephys,rouie,hayate,cresht,qi,marja,lorion,valhein,thane,elandorr,tachi,billow,ming,toro,ybneth,zata,sinestrea
RoV_Pro_League/2026/Summer/Group_Stage,0.33,2,maloch,billow,lorion,fennik,dolia,yena,sinestrea,zata,stuart,teemee,skud,toro,elandorr,rouie,marja,tachi,mganga,annette
RoV_Pro_League/2026/Summer/Group_Stage,0.33,2,yena,ryoma,iggy,moren,toro,riktor,elandorr,liliana,taara,hayate,rouie,tachi,omen,aya,marja,sinestrea,keera,zata
RoV_Pro_League/2026/Summer/Group_Stage,0.33,2,marja,keera,rouie,hayate,toro,ryoma,tachi,ignis,capheny,ybneth,dolia,elandorr,lorion,qi,zata,sinestrea,edras,billow
RoV_Pro_League/2026/Summer/Group_Stage,0.33,2,ryoma,elandorr,annette,wisp,cresht,skud,kriknak,zata,hayate,taara,rouie,sinestrea,mina,florentino,edras,dolia,qi,omen
RoV_Pro_League/2026/Summer/Group_Stage,0.33,2,taara,nakroth,mganga,stuart,dolia,marja,edras,yue,moren,toro,rouie,sinestrea,iggy,keera,zata,tachi,billow,qi
RoV_Pro_League/2026/Summer/Group_Stage,0.33,2,florentino,edras,zata,valhein,baldum,murad,tachi,heino,hayate,dolia,elandorr,rouie,yue,annette,sinestrea,marja,ybneth,capheny
RoV_Pro_League/2026/Summer/Group_Stage,0.33,2,qi,tachi,jinnar,stuart,dolia,florentino,sinestrea,zata,marja,baldum,valhein,rouie,maloch,ybneth,elandorr,lorion,annette,murad
RoV_Pro_League/2026/Summer/Group_Stage,0.33,1,skud,sephera,lorion,capheny,ybneth,omen,keera,natalya,wisp,toro,rouie,elandorr,mganga,iggy,sinestrea,marja,zephys,billow
RoV_Pro_League/2026/Summer/Group_Stage,0.33,1,yena,elandorr,iggy,elsu,toro,qi,zephys,tulen,telannas,thane,valhein,billow,capheny,teemee,sinestrea,rouie,marja,aya
RoV_Pro_League/2026/Summer/Group_Stage,0.33,2,taara,volkath,ignis,fennik,annette,yena,billow,mganga,moren,teemee,rouie,elandorr,skud,maloch,sinestrea,marja,keera,aya
RoV_Pro_League/2026/Summer/Group_Stage,0.33,2,murad,tachi,ignis,valhein,cresht,marja,edras,rouie,hayate,toro,elandorr,dolia,fennik,elsu,billow,sinestrea,zata,lorion
RoV_Pro_League/2026/Summer/Group_Stage,0.33,1,skud,sinestrea,yue,hayate,dolia,omen,billow,zata,stuart,taara,elandorr,lorion,krizzix,cresht,toro,marja,maloch,florentino
RoV_Pro_League/2026/Summer/Group_Stage,0.33,1,marja,elandorr,iggy,stuart,wiro,qi,sinestrea,ignis,elsu,gildur,lorion,tachi,mina,murad,toro,rouie,florentino,max
RoV_Pro_League/2026/Summer/Group_Stage,0.33,2,yena,keera,zata,violet,ybneth,riktor,zephys,yue,wisp,chaugnar,tachi,elandorr,skud,florentino,toro,billow,capheny,moren
RoV_Pro_League/2026/Summer/Group_Stage,0.33,1,ryoma,zuka,natalya,wisp,enzo,florentino,elandorr,mganga,fennik,thane,tachi,iggy,valhein,moren,rouie,toro,zephys,billow
RoV_Pro_League/2026/Summer/Group_Stage,0.33,2,qi,keera,rouie,fennik,toro,marja,tachi,lorion,violet,ybneth,dolia,elandorr,stuart,chaugnar,zata,sinestrea,hayate,edras
RoV_Pro_League/2026/Summer/Group_Stage,0.33,1,omen,zuka,lorion,stuart,enzo,skud,elandorr,mganga,moren,dolia,zata,sinestrea,hayate,keera,marja,tachi,edras,florentino
RoV_Pro_League/2026/Summer/Group_Stage,0.33,2,biron,sinestrea,ignis,hayate,teemee,yena,edras,iggy,fennik,taara,rouie,capheny,murad,qi,zata,marja,skud,florentino
RoV_Pro_League/2026/Summer/Group_Stage,0.33,1,roxie,edras,iggy,telannas,ybneth,qi,zephys,ignis,valhein,chaugnar,rouie,toro,enzo,yue,zata,elandorr,skud,florentino
RoV_Pro_League/2026/Summer/Group_Stage,0.33,2,marja,taara,annette,capheny,zip,murad,zuka,goverra,hayate,toro,rouie,sinestrea,aya,billow,zata,elandorr,mina,zephys
RoV_Pro_League/2026/Summer/Group_Stage,0.33,1,riktor,sinestrea,iggy,elsu,ybneth,skud,billow,mganga,hayate,toro,marja,edras,fennik,florentino,rouie,zata,stuart,valhein
RoV_Pro_League/2026/Summer/Group_Stage,0.33,1,skud,elandorr,rouie,fennik,toro,yena,edras,lorion,capheny,teemee,zata,sinestrea,mina,murad,marja,mganga,omen,valhein
RoV_Pro_League/2026/Summer/Group_Stage,0.33,1,marja,zephys,lorion,hayate,krizzix,ryoma,tachi,liliana,valhein,dolia,elandorr,sinestrea,iggy,qi,edras,zata,billow,keera
RoV_Pro_League/2026/Summer/Group_Stage,0.33,2,florentino,sinestrea,iggy,hayate,ybneth,yena,edras,rouie,stuart,baldum,enzo,lorion,toro,murad,zata,marja,ignis,yue
RoV_Pro_League/2026/Summer/Group_Stage,0.33,2,maloch,keera,jinnar,elandorr,dolia,ryoma,nakroth,zata,valhein,mina,sinestrea,hayate,murad,florentino,rouie,tachi,skud,stuart
RoV_Pro_League/2026/Summer/Group_Stage,0.33,2,mina,edras,ignis,capheny,arduin,qi,elandorr,lorion,telannas,toro,rouie,marja,skud,yena,sinestrea,tachi,zip,billow
RoV_Pro_League/2026/Summer/Group_Stage,0.33,1,yena,tachi,natalya,valhein,toro,marja,billow,rouie,elsu,ybneth,elandorr,edras,hayate,florentino,zata,sinestrea,lorion,qi
RoV_Pro_League/2026/Summer/Group_Stage,0.33,1,mina,taara,iggy,wisp,cresht,zanis,zephys,yue,moren,dolia,tachi,lorion,florentino,maloch,sinestrea,zata,edras,skud
RoV_Pro_League/2026/Summer/Group_Stage,0.33,2,marja,elandorr,annette,fennik,wiro,qi,sinestrea,iggy,stuart,teemee,tachi,mina,toro,murad,rouie,zata,skud,elsu
RoV_Pro_League/2026/Summer/Group_Stage,0.33,1,qi,sinestrea,yue,stuart,maloch,skud,edras,lorion,fennik,toro,tachi,krizzix,florentino,elandorr,rouie,zata,hayate,dolia
RoV_Pro_League/2026/Summer/Group_Stage,0.33,1,omen,tachi,mganga,rouie,maloch,skud,edras,lorion,capheny,toro,qi,dolia,florentino,hayate,sinestrea,marja,murad,biron
RoV_Pro_League/2026/Summer/Group_Stage,0.33,1,marja,taara,annette,fennik,krizzix,ryoma,sinestrea,mganga,valhein,helen,tachi,rouie,biron,florentino,billow,qi,ybneth,iggy
RoV_Pro_League/2026/Summer/Group_Stage,0.33,2,toro,billow,azzenka,hayate,dolia,qi,marja,zata,stuart,krizzix,rouie,tachi,volkath,zephys,sinestrea,elandorr,heino,yue
RoV_Pro_League/2026/Summer/Group_Stage,0.33,1,riktor,elandorr,lorion,wisp,teemee,florentino,sephera,iggy,elsu,ybneth,tachi,hayate,billow,yena,sinestrea,zata,nakroth,murad
RoV_Pro_League/2026/Summer/Group_Stage,0.33,2,marja,billow,lorion,valhein,krizzix,qi,elandorr,rouie,fennik,teemee,tachi,zephys,mganga,murad,zata,sinestrea,ybneth,toro
RoV_Pro_League/2026/Summer/Group_Stage,0.33,2,yena,tachi,mganga,capheny,dolia,murad,nakroth,iggy,hayate,toro,billow,marja,edras,omen,zata,sinestrea,liliana,rouie
RoV_Pro_League/2026/Summer/Group_Stage,0.33,2,omen,edras,iggy,hayate,ybneth,florentino,marja,ignis,slimz,taara,tachi,lorion,zephys,capheny,zata,sinestrea,elandorr,qi
RoV_Pro_League/2026/Summer/Group_Stage,0.33,2,ryoma,tachi,ignis,valhein,toro,marja,elandorr,yue,fennik,ybneth,edras,hayate,maloch,heino,rouie,zata,qi,mina
RoV_Pro_League/2026/Summer/Group_Stage,0.33,1,murad,billow,lorion,telannas,ybneth,airi,keera,rouie,hayate,thane,sinestrea,dolia,toro,chaugnar,elandorr,marja,wisp,capheny
RoV_Pro_League/2026/Summer/Group_Stage,0.33,1,omen,skud,yue,hayate,dolia,murad,zephys,zata,stuart,toro,sinestrea,tachi,billow,florentino,marja,elandorr,keera,taara
RoV_Pro_League/2026/Summer/Group_Stage,0.33,1,florentino,sinestrea,liliana,stuart,xeniel,bolt baron,billow,ignis,elsu,enzo,tachi,lorion,krizzix,qi,marja,elandorr,thane,taara
RoV_Pro_League/2026/Summer/Group_Stage,0.33,1,biron,murad,rouie,wisp,teemee,mina,marja,lorion,telannas,ybneth,elandorr,hayate,billow,florentino,sinestrea,zata,tachi,keera
RoV_Pro_League/2026/Summer/Group_Stage,0.33,1,airi,billow,aya,elandorr,toro,taara,zuka,zata,capheny,chaugnar,rouie,dolia,omen,yena,marja,sinestrea,riktor,stuart
RoV_Pro_League/2026/Summer/Group_Stage,0.33,1,yena,tachi,mganga,fennik,dolia,qi,sinestrea,natalya,hayate,toro,rouie,aya,iggy,yue,marja,zata,taara,florentino
RoV_Pro_League/2026/Summer/Group_Stage,0.33,1,biron,tachi,yue,valhein,maloch,marja,keera,zata,wisp,toro,elandorr,dolia,hayate,florentino,rouie,sinestrea,qi,murad
RoV_Pro_League/2026/Summer/Group_Stage,0.33,1,yena,sinestrea,lorion,capheny,ybneth,qi,billow,rouie,fennik,maloch,tachi,hayate,omen,mina,marja,zata,florentino,wisp
RoV_Pro_League/2026/Summer/Group_Stage,0.33,1,riktor,edras,iggy,hayate,toro,yena,tachi,liliana,capheny,teemee,sinestrea,elandorr,dolia,murad,rouie,zata,keera,nakroth
RoV_Pro_League/2026/Summer/Group_Stage,0.33,1,marja,nakroth,annette,capheny,chaugnar,ryoma,elandorr,aya,fennik,toro,dolia,billow,iggy,yue,sinestrea,rouie,mganga,mina
RoV_Pro_League/2026/Summer/Group_Stage,0.33,1,yena,tachi,rouie,hayate,maloch,murad,edras,lorion,capheny,ybneth,marja,annette,billow,florentino,sinestrea,zata,mina,toro
RoV_Pro_League/2026/Summer/Group_Stage,0.33,2,toro,keera,mganga,fennik,krizzix,airi,sinestrea,liliana,hayate,thane,tachi,rouie,yue,iggy,elandorr,zata,qi,omen
RoV_Pro_League/2026/Summer/Group_Stage,0.33,1,biron,billow,zata,wisp,omen,marja,volkath,annette,stuart,dolia,tachi,rouie,florentino,maloch,sinestrea,elandorr,enzo,ybneth
RoV_Pro_League/2026/Summer/Group_Stage,0.33,1,yena,sinestrea,natalya,hayate,toro,murad,tachi,liliana,fennik,krizzix,edras,lorion,annette,yue,zata,rouie,marja,aya
RoV_Pro_League/2026/Summer/Group_Stage,0.33,2,florentino,marja,liliana,elandorr,xeniel,qi,zephys,iggy,violet,taara,sinestrea,edras,capheny,valhein,zata,rouie,omen,enzo
RoV_Pro_League/2026/Summer/Group_Stage,0.33,2,airi,tachi,yue,telannas,dolia,marja,nakroth,annette,hayate,toro,sinestrea,edras,aya,florentino,zata,rouie,qi,wisp
RoV_Pro_League/2026/Summer/Group_Stage,0.33,2,mina,zuka,lorion,valhein,ybneth,biron,elandorr,rouie,stuart,teemee,sinestrea,dolia,florentino,skud,wisp,mganga,murad,keera
RoV_Pro_League/2026/Summer/Group_Stage,0.33,1,marja,taara,yue,hayate,ybneth,ryoma,nakroth,iggy,moren,toro,elandorr,sinestrea,keera,edras,rouie,zata,tachi,lorion
RoV_Pro_League/2026/Summer/Group_Stage,0.33,2,maloch,zephys,zata,stuart,dolia,skud,sinestrea,aya,fennik,taara,marja,hayate,yue,florentino,rouie,toro,tachi,keera
RoV_Pro_League/2026/Summer/Group_Stage,0.33,2,omen,keera,iggy,fennik,teemee,yena,tachi,liliana,stuart,dolia,rouie,zata,marja,murad,sinestrea,elandorr,airi,florentino
RoV_Pro_League/2026/Summer/Group_Stage,0.33,2,qi,billow,rouie,wisp,thane,riktor,edras,zata,valhein,omega,elandorr,marja,ybneth,teemee,toro,sinestrea,murad,tachi
RoV_Pro_League/2026/Summer/Group_Stage,0.33,2,marja,zephys,rouie,fennik,toro,ryoma,edras,ignis,slimz,ybneth,elandorr,zata,qi,keera,sinestrea,hayate,maloch,murad
RoV_Pro_League/2026/Summer/Group_Stage,0.33,2,qi,elandorr,liliana,hayate,maloch,yena,tachi,mganga,stuart,dolia,rouie,marja,valhein,moren,sinestrea,zata,ybneth,enzo
RoV_Pro_League/2026/Summer/Group_Stage,0.33,2,yena,tachi,zata,taara,aya,toro,billow,lorion,elandorr,maloch,marja,rouie,florentino,omen,sinestrea,dolia,murad,ryoma
RoV_Pro_League/2026/Summer/Group_Stage,0.33,1,marja,edras,liliana,hayate,dolia,qi,tachi,zata,fennik,teemee,elandorr,valhein,toro,capheny,sinestrea,rouie,stuart,moren
RoV_Pro_League/2026/Summer/Group_Stage,0.33,1,omen,billow,zata,wisp,ybneth,skud,zephys,iggy,hayate,toro,marja,sinestrea,edras,volkath,elandorr,rouie,murad,florentino
RoV_Pro_League/2026/Summer/Group_Stage,0.33,1,murad,keera,lorion,valhein,krizzix,biron,airi,mganga,wisp,rouie,marja,stuart,edras,omen,elandorr,sinestrea,enzo,teemee
RoV_Pro_League/2026/Summer/Group_Stage,0.33,1,qi,edras,rouie,hayate,cresht,marja,zephys,yue,moren,ybneth,elandorr,lorion,capheny,valhein,sinestrea,zata,toro,biron
RoV_Pro_League/2026/Summer/Group_Stage,0.33,1,biron,billow,zata,wisp,enzo,omen,tachi,liliana,elandorr,dolia,rouie,murad,annette,florentino,sinestrea,marja,valhein,capheny
RoV_Pro_League/2026/Summer/Group_Stage,0.33,1,toro,elandorr,liliana,fennik,ybneth,biron,billow,mganga,wisp,maloch,rouie,hayate,mina,ryoma,sinestrea,marja,florentino,murad
RoV_Pro_League/2026/Summer/Group_Stage,0.33,1,yena,marja,zata,capheny,teemee,biron,zephys,yue,hayate,toro,elandorr,dolia,murad,tachi,rouie,sinestrea,keera,billow
RoV_Pro_League/2026/Summer/Group_Stage,0.33,2,florentino,edras,rouie,elsu,maloch,qi,sinestrea,lorion,slimz,ybneth,zata,marja,valhein,stuart,elandorr,hayate,omen,fennik
RoV_Pro_League/2026/Summer/Group_Stage,0.33,2,biron,sephera,lorion,stuart,dolia,taara,tachi,ignis,fennik,thane,zata,rouie,mganga,aya,sinestrea,hayate,elandorr,murad
RoV_Pro_League/2026/Summer/Group_Stage,0.33,1,toro,zephys,iggy,valhein,murad,marja,elandorr,liliana,stuart,enzo,rouie,zata,maloch,dolia,sinestrea,hayate,mina,qi
RoV_Pro_League/2026/Summer/Group_Stage,0.33,2,baldum,fennik,liliana,telannas,skud,riktor,keera,annette,wisp,teemee,zata,rouie,iggy,florentino,sinestrea,elandorr,tachi,billow
RoV_Pro_League/2026/Summer/Group_Stage,0.33,2,qi,sinestrea,lorion,fennik,ybneth,yena,marja,rouie,stuart,baldum,elandorr,edras,toro,florentino,hayate,zata,capheny,wisp
RoV_Pro_League/2026/Summer/Group_Stage,0.33,1,edras,billow,liliana,elandorr,maloch,riktor,zephys,aya,capheny,toro,zata,sinestrea,mina,murad,rouie,marja,hayate,tachi
RoV_Pro_League/2026/Summer/Group_Stage,0.33,1,yena,keera,zata,hayate,krizzix,skud,tachi,gildur,elandorr,dolia,sinestrea,lorion,liliana,yue,marja,rouie,murad,mina
RoV_Pro_League/2026/Summer/Group_Stage,0.33,2,marja,zephys,iggy,stuart,cresht,qi,errol,liliana,wisp,enzo,sinestrea,hayate,valhein,edras,rouie,toro,omen,florentino
RoV_Pro_League/2026/Summer/Group_Stage,0.33,1,airi,murad,rouie,wisp,annette,taara,edras,mganga,hayate,teemee,sinestrea,valhein,mina,billow,toro,tachi,florentino,omen
RoV_Pro_League/2026/Summer/Group_Stage,0.33,1,marja,murad,rouie,hayate,cresht,ryoma,tachi,ignis,capheny,ybneth,elandorr,dolia,qi,liliana,toro,sinestrea,billow,zephys
RoV_Pro_League/2026/Summer/Group_Stage,0.33,2,florentino,elandorr,liliana,valhein,xeniel,airi,kriknak,zata,stuart,taara,rouie,dolia,zephys,murad,toro,sinestrea,ybneth,skud
RoV_Pro_League/2026/Summer/Group_Stage,0.33,1,ryoma,aoi,iggy,capheny,enzo,marja,billow,liliana,hayate,teemee,rouie,toro,murad,zephys,zata,sinestrea,qi,biron
RoV_Pro_League/2026/Summer/Group_Stage,0.33,1,airi,tachi,ignis,stuart,dolia,florentino,nakroth,iggy,moren,toro,rouie,elandorr,zephys,murad,zata,sinestrea,lorion,mganga
RoV_Pro_League/2026/Summer/Group_Stage,0.33,2,qi,tachi,yue,hayate,y'bneth,marja,nakroth,liliana,capheny,baldum,eland'orr,dolia,teemee,keera,sinestrea,rouie,murad,edras
RoV_Pro_League/2026/Summer/Group_Stage,0.33,2,ryoma,keera,lorion,wisp,teemee,murad,zephys,rouie,hayate,toro,sinestrea,zata,omen,qi,marja,eland'orr,billow,edras
RoV_Pro_League/2026/Summer/Group_Stage,0.33,2,airi,billow,rouie,elsu,toro,yena,tachi,zata,fennik,dolia,eland'orr,keera,stuart,valhein,sinestrea,marja,murad,riktor
RoV_Pro_League/2026/Summer/Group_Stage,0.33,2,marja,edras,rouie,fennik,thane,ryoma,tachi,goverra,hayate,y'bneth,eland'orr,dolia,qi,biron,sinestrea,zata,murad,florentino
RoV_Pro_League/2026/Summer/Group_Stage,0.33,1,maloch,aoi,annette,eland'orr,dolia,biron,zuka,zata,moren,taara,sinestrea,rouie,murad,zephys,hayate,tachi,stuart,florentino
RoV_Pro_League/2026/Summer/Group_Stage,0.33,2,murad,keera,iggy,wisp,toro,omen,marja,lorion,capheny,teemee,eland'orr,rouie,florentino,zephys,zata,sinestrea,qi,biron
RoV_Pro_League/2026/Summer/Group_Stage,0.33,2,qi,zephys,ignis,hayate,taara,yena,eland'orr,mganga,erin,toro,sinestrea,rouie,edras,billow,zata,stuart,enzo,yue
RoV_Pro_League/2026/Summer/Group_Stage,0.33,2,qi,billow,rouie,fennik,enzo,marja,volkath,natalya,wisp,ybneth,lorion,tachi,elandorr,zata,sinestrea,dolia,baldum,teemee
RoV_Pro_League/2026/Summer/Group_Stage,0.33,2,skud,edras,zata,hayate,dolia,airi,sinestrea,aya,moren,toro,rouie,tachi,murad,yue,marja,elandorr,florentino,omen
RoV_Pro_League/2026/Summer/Group_Stage,0.33,2,biron,keera,liliana,elsu,ybneth,yena,billow,yue,elandorr,enzo,rouie,dolia,tachi,taara,sinestrea,toro,murad,zephys
RoV_Pro_League/2026/Summer/Group_Stage,0.33,2,marja,billow,ignis,capheny,teemee,biron,edras,iggy,hayate,ybneth,elandorr,zata,qi,murad,sinestrea,rouie,liliana,zephys
RoV_Pro_League/2026/Summer/Group_Stage,0.33,1,riktor,tachi,lorion,wisp,ybneth,qi,keera,rouie,fennik,maloch,sinestrea,marja,mganga,murad,elandorr,zata,florentino,hayate
RoV_Pro_League/2026/Summer/Group_Stage,0.33,1,yena,sinestrea,liliana,aya,taara,florentino,zephys,zata,elsu,toro,marja,elandorr,tachi,capheny,rouie,hayate,murad,airi
RoV_Pro_League/2026/Summer/Group_Stage,0.33,1,biron,zephys,rouie,hayate,toro,yena,billow,lorion,wisp,annette,marja,sinestrea,airi,teemee,zata,elandorr,edras,murad
RoV_Pro_League/2026/Summer/Group_Stage,0.33,1,yena,nakroth,rouie,hayate,toro,biron,keera,natalya,wisp,ybneth,elandorr,zata,lorion,ignis,sinestrea,marja,zephys,skud
RoV_Pro_League/2026/Summer/Group_Stage,0.33,2,qi,tachi,zata,capheny,teemee,skud,volkath,yue,moren,dolia,elandorr,rouie,edras,zephys,sinestrea,marja,cresht,ybneth
RoV_Pro_League/2026/Summer/Group_Stage,0.33,2,ryoma,edras,iggy,violet,thane,marja,tachi,liliana,stuart,xeniel,sinestrea,rouie,toro,enzo,elandorr,lorion,keera,ybneth
RoV_Pro_League/2026/Summer/Group_Stage,0.33,2,florentino,elandorr,mganga,fennik,toro,marja,zephys,ignis,telannas,chaugnar,moren,wisp,murad,liliana,sinestrea,rouie,yena,riktor
RoV_Pro_League/2026/Summer/Group_Stage,0.33,2,qi,elandorr,ignis,hayate,ybneth,mina,zephys,lorion,capheny,toro,zata,rouie,aya,yue,sinestrea,marja,mganga,iggy
RoV_Pro_League/2026/Summer/Group_Stage,0.33,1,florentino,billow,lorion,stuart,teemee,airi,lubu,rouie,hayate,maloch,sinestrea,zata,murad,elandorr,marja,toro,valhein,capheny
RoV_Pro_League/2026/Summer/Group_Stage,0.33,2,biron,tachi,liliana,valhein,dolia,marja,edras,iggy,fennik,cresht,elandorr,zata,ybneth,enzo,sinestrea,rouie,yue,murad
RoV_Pro_League/2026/Summer/Group_Stage,0.33,2,marja,errol,zata,fennik,enzo,taara,volkath,annette,valhein,teemee,tachi,elandorr,murad,dolia,sinestrea,rouie,wisp,edras
RoV_Pro_League/2026/Summer/Group_Stage,0.33,1,qi,billow,iggy,elandorr,taara,toro,zephys,murad,hayate,mina,sinestrea,rouie,aya,liliana,marja,zata,capheny,florentino
RoV_Pro_League/2026/Summer/Group_Stage,0.33,2,marja,tachi,erin,elsu,toro,qi,volkath,lorion,wisp,teemee,elandorr,rouie,keera,mganga,sinestrea,dolia,hayate,capheny
RoV_Pro_League/2026/Summer/Group_Stage,0.33,1,yena,edras,liliana,fennik,krizzix,airi,sinestrea,raz,stuart,thane,rouie,elandorr,yue,natalya,ybneth,dolia,riktor,mina
RoV_Pro_League/2026/Summer/Group_Stage,0.33,1,marja,butterfly,aya,fennik,toro,qi,yan,zata,elandorr,dolia,hayate,lorion,biron,florentino,sinestrea,rouie,moren,murad
RoV_Pro_League/2026/Summer/Group_Stage,0.33,1,bolt baron,sinestrea,liliana,elsu,thane,biron,billow,lorion,stuart,enzo,marja,toro,krizzix,murad,rouie,zata,hayate,skud
RoV_Pro_League/2026/Summer/Group_Stage,0.33,1,florentino,wukong,gildur,hayate,teemee,airi,edras,iggy,capheny,ybneth,marja,toro,tachi,zephys,rouie,zata,elandorr,murad
RoV_Pro_League/2026/Summer/Group_Stage,0.33,1,airi,tachi,aya,stuart,toro,florentino,nakroth,zata,slimz,dolia,elandorr,rouie,hayate,billow,sinestrea,marja,murad,valhein
RoV_Pro_League/2026/Summer/Group_Stage,0.33,2,taara,errol,iggy,hayate,ybneth,marja,keera,ignis,moren,teemee,rouie,sinestrea,liliana,tachi,elandorr,zata,murad,qi
RoV_Pro_League/2026/Summer/Group_Stage,0.33,1,omen,keera,mganga,valhein,chaugnar,yena,elandorr,aya,murad,toro,sinestrea,rouie,tachi,stuart,dolia,marja,mina,helen
RoV_Pro_League/2026/Summer/Group_Stage,0.33,2,skud,sinestrea,annette,capheny,teemee,omen,zephys,liliana,fennik,mina,hayate,rouie,ybneth,iggy,dolia,marja,florentino,lorion
RoV_Pro_League/2026/Summer/Group_Stage,0.33,2,qi,elandorr,liliana,elsu,gildur,ryoma,tachi,annette,wisp,thane,rouie,sinestrea,ybneth,yue,dolia,marja,enzo,nakroth
RoV_Pro_League/2026/Summer/Group_Stage,0.33,2,marja,edras,iggy,hayate,maloch,taara,volkath,lorion,valhein,ybneth,elandorr,dolia,qi,murad,sinestrea,rouie,toro,mganga
RoV_Pro_League/2026/Summer/Group_Stage,0.33,2,qi,elandorr,liliana,wisp,toro,marja,sephera,maloch,capheny,dolia,sinestrea,hayate,zata,mganga,valhein,rouie,billow,aya
RoV_Pro_League/2026/Summer/Group_Stage,0.33,1,skud,tachi,natalya,capheny,taara,airi,keera,mganga,stuart,toro,sinestrea,rouie,edras,elandorr,valhein,dolia,murad,florentino
RoV_Pro_League/2026/Summer/Group_Stage,0.33,2,yena,keera,annette,elsu,thane,skud,edras,yue,hayate,helen,sinestrea,rouie,cresht,gildur,lorion,murad,volkath,florentino
RoV_Pro_League/2026/Summer/Group_Stage,0.33,2,marja,edras,lorion,moren,ybneth,biron,murad,rouie,fennik,enzo,elandorr,hayate,krizzix,cresht,sinestrea,toro,florentino,tachi
RoV_Pro_League/2026/Summer/Group_Stage,0.33,1,florentino,keera,mganga,elandorr,annette,yena,edras,gildur,capheny,toro,sinestrea,marja,ryoma,zephys,rouie,murad,tachi,wisp
RoV_Pro_League/2026/Summer/Group_Stage,0.33,2,skud,sinestrea,natalya,hayate,dolia,taara,keera,zata,slimz,krizzix,elandorr,marja,moren,florentino,toro,rouie,liliana,yue
RoV_Pro_League/2026/Summer/Group_Stage,0.33,2,roxie,volkath,yue,wisp,toro,lubu,tachi,lorion,stuart,dolia,sinestrea,marja,mganga,iggy,rouie,murad,airi,omen
RoV_Pro_League/2026/Summer/Group_Stage,0.33,1,ryoma,zephys,zata,hayate,teemee,marja,tachi,liliana,moren,dolia,elandorr,lorion,keera,yue,sinestrea,rouie,toro,cresht
RoV_Pro_League/2026/Summer/Group_Stage,0.33,2,marja,zuka,rouie,fennik,toro,biron,aoi,lorion,hayate,ybneth,elandorr,zata,ryoma,murad,sinestrea,edras,omen,tachi
RoV_Pro_League/2026/Summer/Group_Stage,0.33,2,omen,tachi,iggy,valhein,maloch,toro,elandorr,aya,fennik,taara,sinestrea,rouie,florentino,mina,lorion,qi,capheny,dolia
RoV_Pro_League/2026/Summer/Group_Stage,0.33,2,murad,yan,liliana,violet,thane,riktor,billow,yue,stuart,omega,sinestrea,rouie,omen,qi,elandorr,keera,florentino,skud
RoV_Pro_League/2026/Summer/Group_Stage,0.33,2,qi,keera,aya,hayate,toro,marja,tachi,liliana,wisp,omen,sinestrea,elandorr,helen,teemee,rouie,zata,taara,mina
RoV_Pro_League/2026/Summer/Group_Stage,0.33,2,riktor,tachi,maloch,fennik,dolia,toro,sinestrea,zata,slimz,roxie,hayate,elandorr,aya,florentino,marja,ybneth,liliana,mina
RoV_Pro_League/2026/Summer/Group_Stage,0.33,2,biron,zephys,yue,wisp,teemee,edras,billow,iggy,valhein,ybneth,elandorr,hayate,lorion,rouie,marja,sinestrea,florentino,skud
RoV_Pro_League/2026/Summer/Group_Stage,0.33,1,qi,zuka,lorion,hayate,ybneth,florentino,zephys,rouie,capheny,maloch,elandorr,zata,omen,marja,sinestrea,edras,mina,billow
RoV_Pro_League/2026/Summer/Group_Stage,0.33,1,mina,nakroth,mganga,elandorr,aya,murad,billow,iggy,wisp,taara,hayate,ryoma,valhein,violet,sinestrea,rouie,enzo,toro
RoV_Pro_League/2026/Summer/Group_Stage,0.33,1,ryoma,tachi,raz,violet,dolia,marja,edras,zata,slimz,toro,hayate,elandorr,omen,aya,sinestrea,rouie,yue,liliana
RoV_Pro_League/2026/Summer/Group_Stage,0.33,2,taara,edras,lorion,valhein,teemee,marja,tachi,ignis,elandorr,enzo,mganga,rouie,ybneth,fennik,sinestrea,toro,murad,ryoma
RoV_Pro_League/2026/Summer/Group_Stage,0.33,2,maloch,elandorr,rouie,capheny,arduin,qi,ryoma,azzenka,wisp,toro,sinestrea,zata,billow,zephys,tachi,marja,omen,mina
RoV_Pro_League/2026/Summer/Group_Stage,0.33,2,marja,billow,mganga,violet,zip,biron,butterfly,iggy,stuart,dyadia,sinestrea,dolia,edras,murad,tachi,toro,ybneth,krizzix
RoV_Pro_League/2026/Summer/Group_Stage,0.33,1,marja,zephys,iggy,stuart,enzo,biron,keera,natalya,wisp,ybneth,elandorr,tachi,qi,ryoma,sinestrea,hayate,lorion,yue
RoV_Pro_League/2026/Summer/Group_Stage,0.33,1,toro,tachi,zata,hayate,baldum,ryoma,volkath,mganga,moren,dolia,marja,sinestrea,yue,liliana,elandorr,aya,krizzix,omen
RoV_Pro_League/2026/Summer/Group_Stage,0.33,2,skud,elandorr,liliana,valhein,ybneth,mina,zephys,yue,violet,teemee,sinestrea,rouie,enzo,toro,dolia,lorion,florentino,billow
RoV_Pro_League/2026/Summer/Group_Stage,0.33,1,omen,keera,lorion,violet,maloch,toro,tachi,iggy,stuart,enzo,marja,sinestrea,edras,billow,dolia,rouie,florentino,krizzix
RoV_Pro_League/2026/Summer/Group_Stage,0.33,1,riktor,nakroth,annette,violet,volkath,biron,tachi,zata,thorne,dolia,toro,lorion,qi,omen,sinestrea,rouie,elandorr,marja
RoV_Pro_League/2026/Summer/Group_Stage,0.33,1,ryoma,zuka,gildur,hayate,ybneth,marja,aoi,liliana,capheny,enzo,sinestrea,rouie,billow,zephys,elandorr,dolia,mina,keera
RoV_Pro_League/2026/Summer/Group_Stage,0.33,1,toro,billow,mganga,edras,ming,qi,elandorr,ignis,aya,taara,sinestrea,rouie,iggy,hayate,dolia,valhein,capheny,wisp
RoV_Pro_League/2026/Summer/Group_Stage,0.33,2,biron,edras,rouie,wisp,thane,marja,billow,liliana,violet,teemee,elandorr,hayate,florentino,ybneth,sinestrea,toro,murad,ryoma
RoV_Pro_League/2026/Summer/Group_Stage,0.33,1,taara,tachi,ignis,elandorr,ybneth,yena,zephys,mganga,capheny,dolia,sinestrea,rouie,wisp,hayate,marja,toro,iggy,florentino
RoV_Pro_League/2026/Summer/Group_Stage,0.33,1,yan,zephys,mganga,violet,maloch,murad,fennik,iggy,aya,toro,sinestrea,elandorr,keera,tachi,marja,hayate,florentino,omen
RoV_Pro_League/2026/Summer/Group_Stage,0.33,1,toro,billow,liliana,fennik,aya,omen,volkath,natalya,hayate,maloch,sinestrea,elandorr,ybneth,enzo,dolia,valhein,marja,florentino
RoV_Pro_League/2026/Summer/Group_Stage,0.33,2,qi,sinestrea,yue,hayate,arum,marja,wukong,liliana,fennik,taara,elandorr,dolia,krizzix,billow,aya,rouie,mganga,ryoma
RoV_Pro_League/2026/Summer/Group_Stage,0.33,2,bijan,volkath,raz,elandorr,dolia,murad,billow,mganga,wisp,aya,sinestrea,hayate,toro,mortos,marja,rouie,omen,mina
RoV_Pro_League/2026/Summer/Group_Stage,0.33,2,airi,billow,lorion,stuart,alice,qi,keera,jinnar,maloch,dolia,elandorr,sinestrea,valhein,hayate,aya,marja,fennik,yena
RoV_Pro_League/2026/Summer/Group_Stage,0.33,2,qi,volkath,zata,stuart,dolia,toro,keera,yue,fennik,baldum,tachi,marja,enzo,krizzix,sinestrea,rouie,zephys,elandorr
RoV_Pro_League/2026/Summer/Group_Stage,0.33,2,murad,edras,lorion,valhein,dyadia,marja,zephys,iggy,violet,taara,rouie,dolia,omen,qi,elandorr,sinestrea,hayate,fennik
RoV_Pro_League/2026/Summer/Group_Stage,0.33,2,yena,zephys,aya,elandorr,toro,qi,ryoma,liliana,hayate,omen,zata,capheny,florentino,chaugnar,sinestrea,rouie,fennik,violet
RoV_Pro_League/2026/Summer/Group_Stage,0.33,1,biron,zephys,liliana,violet,zip,qi,billow,yue,hayate,teemee,toro,dolia,florentino,lorion,sinestrea,rouie,elandorr,edras
RoV_Pro_League/2026/Summer/Group_Stage,0.33,2,marja,tachi,ignis,fennik,maloch,ryoma,edras,raz,capheny,toro,violet,elandorr,zata,annette,sinestrea,rouie,ybneth,dolia
RoV_Pro_League/2026/Summer/Group_Stage,0.33,1,ryoma,zuka,gildur,hayate,ybneth,yena,zephys,liliana,elandorr,baldum,sinestrea,dolia,riktor,omen,toro,rouie,lorion,iggy
RoV_Pro_League/2026/Summer/Group_Stage,0.33,2,florentino,billow,zata,murad,taara,airi,volkath,annette,wisp,dolia,marja,tachi,omen,violet,sinestrea,rouie,stuart,valhein
RoV_Pro_League/2026/Summer/Group_Stage,0.33,1,yena,edras,rouie,capheny,toro,marja,tachi,natalya,valhein,roxie,lorion,mganga,enzo,ybneth,sinestrea,elandorr,qi,wisp
RoV_Pro_League/2026/Summer/Group_Stage,0.33,1,marja,zephys,ignis,violet,teemee,ryoma,tachi,iggy,telannas,toro,elandorr,zata,hayate,edras,sinestrea,rouie,lorion,billow
RoV_Pro_League/2026/Summer/Group_Stage,0.33,2,qi,tachi,liliana,elandorr,dolia,marja,edras,zata,stuart,teemee,sinestrea,rouie,enzo,violet,ryoma,lorion,yue,annette
RoV_Pro_League/2026/Summer/Group_Stage,0.33,2,ryoma,keera,yue,hayate,ybneth,florentino,zephys,lorion,violet,zip,sinestrea,rouie,riktor,liliana,toro,zata,murad,iggy
RoV_Pro_League/2026/Summer/Group_Stage,0.33,1,yena,billow,iggy,wisp,mina,biron,elandorr,annette,moren,thane,sinestrea,rouie,ybneth,baldum,toro,zata,murad,florentino
RoV_Pro_League/2026/Summer/Group_Stage,0.33,2,omen,nakroth,mganga,fennik,annette,murad,billow,aya,wisp,taara,sinestrea,rouie,hayate,mina,zata,toro,capheny,valhein
RoV_Pro_League/2026/Summer/Group_Stage,0.33,2,ryoma,edras,liliana,violet,toro,marja,zephys,maloch,stuart,dolia,elandorr,hayate,tachi,zata,sinestrea,rouie,aya,keera
RoV_Pro_League/2026/Summer/Group_Stage,0.33,1,mina,billow,iggy,wisp,taara,biron,volkath,lorion,elandorr,ybneth,sinestrea,rouie,florentino,tachi,marja,dolia,zephys,keera
RoV_Pro_League/2026/Summer/Group_Stage,0.33,1,skud,aoi,lorion,hayate,ybneth,charlotte,sinestrea,rouie,fennik,toro,billow,violet,omen,florentino,elandorr,dolia,zephys,keera
RoV_Pro_League/2026/Summer/Group_Stage,0.33,2,yena,tachi,yue,valhein,wiro,bijan,keera,ignis,wisp,teemee,hayate,edras,florentino,qi,sinestrea,rouie,dolia,biron
RoV_Pro_League/2026/Summer/Group_Stage,0.33,1,riktor,zuka,zata,elandorr,dolia,qi,ryoma,liliana,valhein,thane,hayate,violet,murad,omen,sinestrea,rouie,keera,zephys
Arena_of_Valor_International_Championship/2025/Knockout_Stage,0.22,1,skud,nakroth,rouie,valhein,ming,toro,tachi,ignis,fennik,ybneth,florentino,billow,maloch,biron,sinestrea,marja,elandorr,zephys
Arena_of_Valor_International_Championship/2025/Knockout_Stage,0.22,1,ryoma,billow,lorion,hayate,toro,florentino,keera,liliana,stuart,thane,valhein,rouie,heino,natalya,sinestrea,mganga,marja,airi
Arena_of_Valor_International_Championship/2025/Knockout_Stage,0.22,1,marja,keera,liliana,elandorr,mina,murad,zephys,iggy,capheny,teemee,rouie,valhein,annette,lorion,sinestrea,mganga,enzo,ybneth
Arena_of_Valor_International_Championship/2025/Knockout_Stage,0.22,1,mina,tachi,heino,valhein,dolia,skud,elandorr,lorion,fennik,teemee,rouie,sinestrea,stuart,florentino,hayate,mganga,baldum,marja
Arena_of_Valor_International_Championship/2025/Knockout_Stage,0.22,2,skud,billow,lorion,wisp,toro,qi,tachi,ignis,stuart,enzo,heino,mganga,valhein,hayate,sinestrea,rouie,capheny,florentino
Arena_of_Valor_International_Championship/2025/Knockout_Stage,0.22,2,marja,keera,liliana,elsu,annette,ryoma,sinestrea,iggy,hayate,toro,rouie,valhein,aya,biron,stuart,florentino,gildur,taara
Arena_of_Valor_International_Championship/2025/Knockout_Stage,0.22,1,florentino,wonderwoman,ignis,stuart,rouie,riktor,keera,mganga,capheny,krizzix,marja,heino,airi,murad,sinestrea,elandorr,zephys,enzo
Arena_of_Valor_International_Championship/2025/Knockout_Stage,0.22,2,biron,elandorr,aya,hayate,taara,marja,billow,natalya,wisp,omen,valhein,rouie,maloch,heino,sinestrea,mganga,qi,ryoma
Arena_of_Valor_International_Championship/2025/Knockout_Stage,0.22,1,skud,zuka,rouie,hayate,ybneth,qi,keera,ignis,capheny,teemee,billow,elandorr,enzo,krizzix,sinestrea,toro,omen,florentino
Arena_of_Valor_International_Championship/2025/Knockout_Stage,0.22,1,marja,billow,ignis,wisp,maloch,taara,nakroth,lorion,stuart,aya,rouie,sinestrea,enzo,elandorr,florentino,mganga,elsu,omen
Arena_of_Valor_International_Championship/2025/Knockout_Stage,0.22,1,riktor,kriknak,iggy,valhein,thane,charlotte,tachi,mganga,hayate,toro,rouie,billow,skud,biron,sinestrea,elandorr,heino,florentino
Arena_of_Valor_International_Championship/2025/Knockout_Stage,0.22,2,biron,zuka,iggy,capheny,ming,marja,zephys,ignis,hayate,teemee,rouie,sinestrea,billow,tachi,elandorr,valhein,qi,florentino
Arena_of_Valor_International_Championship/2025/Knockout_Stage,0.22,2,maloch,tachi,ignis,fennik,enzo,riktor,sinestrea,mganga,stuart,ybneth,rouie,taara,toro,dolia,florentino,hayate,skud,marja
Arena_of_Valor_International_Championship/2025/Knockout_Stage,0.22,1,yena,keera,gildur,hayate,toro,ryoma,tachi,goverra,elsu,annette,billow,elandorr,florentino,thane,rouie,valhein,aya,kahlii
Arena_of_Valor_International_Championship/2025/Knockout_Stage,0.22,1,mina,ryoma,raz,wisp,ybneth,qi,zuka,iggy,elandorr,toro,rouie,valhein,enzo,billow,sinestrea,stuart,mganga,teemee
Arena_of_Valor_International_Championship/2025/Knockout_Stage,0.22,2,skud,elandorr,liliana,stuart,teemee,biron,keera,lorion,wisp,enzo,taara,billow,florentino,maloch,rouie,valhein,mganga,elsu
Arena_of_Valor_International_Championship/2025/Knockout_Stage,0.22,2,qi,keera,ignis,valhein,arduin,skud,zephys,iggy,fennik,enzo,taara,toro,ybneth,heino,sinestrea,rouie,mganga,teemee
Arena_of_Valor_International_Championship/2025/Knockout_Stage,0.22,1,biron,sinestrea,heino,fennik,thane,marja,billow,lorion,wisp,ybneth,valhein,keera,elsu,hayate,elandorr,mganga,stuart,enzo
Arena_of_Valor_International_Championship/2025/Knockout_Stage,0.22,1,ryoma,taara,lorion,capheny,annette,qi,elandorr,hayate,aya,toro,valhein,mganga,heino,ignis,rouie,krizzix,teemee,mina
Arena_of_Valor_International_Championship/2025/Knockout_Stage,0.22,1,mina,billow,gildur,elsu,ybneth,riktor,sinestrea,mganga,stuart,cresht,valhein,taara,florentino,dolia,rouie,marja,iggy,skud
Arena_of_Valor_International_Championship/2025/Knockout_Stage,0.22,1,skud,tachi,mganga,stuart,dolia,maloch,taara,ignis,elsu,annette,valhein,keera,murad,florentino,rouie,marja,elandorr,hayate
Arena_of_Valor_International_Championship/2025/Knockout_Stage,0.22,2,biron,kriknak,rouie,fennik,baldum,marja,tachi,lorion,valhein,teemee,billow,eland'orr,skud,qi,y'bneth,toro,florentino,sinestrea
Arena_of_Valor_International_Championship/2025/Knockout_Stage,0.22,1,skud,billow,ignis,hayate,y'bneth,qi,zuka,mganga,stuart,dolia,rouie,sinestrea,eland'orr,keera,valhein,enzo,grakk,florentino
Arena_of_Valor_International_Championship/2025/Knockout_Stage,0.22,2,riktor,keera,natalya,stuart,enzo,biron,billow,annette,hayate,thane,rouie,eland'orr,skud,omen,valhein,sinestrea,mganga,lorion
Arena_of_Valor_International_Championship/2025/Knockout_Stage,0.22,1,veres,zuka,lorion,capheny,krizzix,mina,eland'orr,heino,fennik,enzo,rouie,sinestrea,riktor,skud,valhein,mganga,florentino,qi
Arena_of_Valor_International_Championship/2025/Knockout_Stage,0.22,2,florentino,aoi,kahlii,wisp,omen,riktor,zephys,iggy,elsu,taara,rouie,keera,skud,ybneth,valhein,sinestrea,dolia,maloch
Arena_of_Valor_International_Championship/2025/Knockout_Stage,0.22,2,qi,tachi,raz,elsu,thane,yena,keera,ilumia,wisp,maloch,rouie,sinestrea,goverra,skud,valhein,marja,mganga,murad
Arena_of_Valor_International_Championship/2025/Knockout_Stage,0.22,1,toro,sinestrea,iggy,fennik,enzo,qi,billow,mganga,valhein,max,rouie,tachi,ming,skud,elandorr,florentino,zephys,keera
Arena_of_Valor_International_Championship/2025/Knockout_Stage,0.22,1,marja,aoi,liliana,valhein,baldum,ryoma,taara,ignis,hayate,teemee,sinestrea,elandorr,wisp,stuart,rouie,tachi,lorion,mganga
Arena_of_Valor_International_Championship/2025/Knockout_Stage,0.22,1,biron,billow,lorion,elandorr,thane,mina,keera,jinnar,wisp,toro,sinestrea,heino,annette,liliana,rouie,tachi,florentino,skud
Arena_of_Valor_International_Championship/2025/Knockout_Stage,0.22,2,qi,taara,heino,capheny,ming,marja,tachi,kahlii,elsu,dolia,sinestrea,elandorr,gildur,thane,rouie,krizzix,murad,florentino
Arena_of_Valor_International_Championship/2025/Knockout_Stage,0.22,1,florentino,keera,mganga,stuart,ybneth,airi,bolt baron,iggy,violet,enzo,sinestrea,elandorr,zephys,murad,rouie,krizzix,dolia,tachi
Arena_of_Valor_International_Championship/2025/Knockout_Stage,0.22,2,skud,elandorr,natalya,fennik,enzo,marja,zephys,mganga,valhein,baldum,billow,mina,omen,toro,sinestrea,rouie,florentino,stuart
Arena_of_Valor_International_Championship/2025/Knockout_Stage,0.22,1,airi,keera,ignis,elsu,toro,florentino,tachi,lorion,stuart,dolia,sinestrea,rouie,elandorr,nakroth,marja,mganga,hayate,murad
Arena_of_Valor_International_Championship/2025/Knockout_Stage,0.22,2,florentino,billow,mganga,capheny,teemee,murad,yan,annette,fennik,ybneth,keera,elandorr,mina,airi,rouie,sinestrea,maloch,marja
Arena_of_Valor_International_Championship/2025/Knockout_Stage,0.22,2,taara,nakroth,iggy,stuart,arduin,biron,billow,heino,hayate,toro,sinestrea,rouie,maloch,skud,valhein,marja,qi,murad
Arena_of_Valor_International_Championship/2025/Knockout_Stage,0.22,2,murad,marja,mganga,fennik,enzo,biron,sinestrea,ignis,hayate,teemee,rouie,valhein,toro,qi,billow,stuart,elsu,florentino
Arena_of_Valor_International_Championship/2025/Knockout_Stage,0.22,2,biron,billow,annette,valhein,aya,skud,keera,gildur,capheny,toro,mganga,stuart,florentino,omen,rouie,sinestrea,taara,lorion
Arena_of_Valor_International_Championship/2025/Knockout_Stage,0.22,2,qi,zuka,ignis,capheny,toro,florentino,elandorr,mganga,fennik,enzo,rouie,valhein,mina,stuart,sinestrea,hayate,tachi,keera
Arena_of_Valor_International_Championship/2025/Knockout_Stage,0.22,2,riktor,marja,ignis,valhein,thane,florentino,tachi,lorion,fennik,dolia,billow,elandorr,qi,ybneth,rouie,sinestrea,heino,mganga
Arena_of_Valor_International_Championship/2025/Knockout_Stage,0.22,1,biron,billow,iggy,capheny,baldum,skud,elandorr,mganga,valhein,toro,rouie,sinestrea,stuart,qi,florentino,tachi,maloch,enzo
Arena_of_Valor_International_Championship/2025/Knockout_Stage,0.22,1,skud,zephys,mganga,hayate,teemee,qi,keera,iggy,elsu,taara,billow,capheny,ignis,marja,rouie,sinestrea,tachi,elandorr
Arena_of_Valor_International_Championship/2025/Knockout_Stage,0.22,2,omen,tachi,aya,elandorr,taara,yena,zephys,annette,capheny,helen,rouie,sinestrea,maloch,marja,toro,lorion,mina,stuart
Arena_of_Valor_International_Championship/2025/Knockout_Stage,0.22,2,murad,keera,lorion,elsu,ybneth,marja,yan,heino,stuart,teemee,billow,hayate,omen,riktor,rouie,sinestrea,qi,krizzix
Arena_of_Valor_International_Championship/2025/Knockout_Stage,0.22,1,veres,sinestrea,annette,wisp,enzo,maloch,wonderwoman,rouie,thorne,ybneth,florentino,krizzix,natalya,raz,hayate,billow,omen,riktor
Arena_of_Valor_International_Championship/2025/Knockout_Stage,0.22,2,biron,billow,ignis,hayate,toro,skud,tachi,lorion,valhein,maloch,elandorr,marja,qi,dolia,rouie,sinestrea,florentino,ybneth
Arena_of_Valor_International_Championship/2025/Knockout_Stage,0.22,1,marja,sinestrea,heino,fennik,ybneth,skud,zephys,mganga,violet,krizzix,elandorr,valhein,florentino,qi,rouie,hayate,elsu,wisp
Arena_of_Valor_International_Championship/2025/Knockout_Stage,0.22,1,riktor,zephys,iggy,hayate,toro,yena,keera,ignis,valhein,thane,rouie,sinestrea,qi,florentino,billow,stuart,lorion,skud
Arena_of_Valor_International_Championship/2025/Knockout_Stage,0.22,2,ryoma,kriknak,lorion,elsu,teemee,omen,elandorr,iggy,hayate,wiro,sinestrea,heino,ybneth,toro,rouie,valhein,mina,zuka
Arena_of_Valor_International_Championship/2025/Knockout_Stage,0.22,2,qi,keera,mganga,capheny,thane,florentino,billow,liliana,elsu,ybneth,sinestrea,rouie,gildur,enzo,elandorr,valhein,stuart,annette
Arena_of_Valor_International_Championship/2025/Knockout_Stage,0.22,2,biron,yan,raz,stuart,enzo,marja,taara,gildur,wisp,teemee,rouie,sinestrea,lorion,maloch,billow,valhein,elandorr,tachi
Arena_of_Valor_International_Championship/2025/Knockout_Stage,0.22,2,airi,skud,taara,valhein,aya,murad,tachi,natalya,stuart,maloch,rouie,sinestrea,lorion,heino,billow,elandorr,florentino,ignis
Arena_of_Valor_International_Championship/2025/Knockout_Stage,0.22,1,yena,tachi,lorion,valhein,teemee,qi,keera,ignis,capheny,toro,sinestrea,rouie,fennik,florentino,elandorr,ybneth,dolia,thane
Arena_of_Valor_International_Championship/2025/Knockout_Stage,0.22,2,florentino,yan,annette,fennik,rouie,yena,billow,goverra,hayate,enzo,marja,elandorr,murad,airi,sinestrea,stuart,zephys,keera
Arena_of_Valor_International_Championship/2025/Knockout_Stage,0.22,1,qi,zephys,gildur,elsu,taara,biron,sinestrea,iggy,teeri,maloch,rouie,valhein,skud,florentino,billow,keera,murad,marja
Arena_of_Valor_International_Championship/2025/Knockout_Stage,0.22,2,marja,keera,mganga,hayate,thane,zill,ryoma,azzenka,wisp,ybneth,valhein,rouie,elandorr,murad,sinestrea,enzo,maloch,billow
Arena_of_Valor_International_Championship/2025/Knockout_Stage,0.22,1,murad,zuka,heino,stuart,toro,florentino,elandorr,gildur,violet,thane,valhein,rouie,elsu,taara,sinestrea,billow,capheny,wisp
Arena_of_Valor_International_Championship/2025/Knockout_Stage,0.22,2,biron,billow,iggy,capheny,maloch,marja,tachi,liliana,elsu,baldum,valhein,rouie,lorion,heino,sinestrea,ybneth,dolia,wisp
Arena_of_Valor_International_Championship/2025/Knockout_Stage,0.22,2,qi,billow,heino,wisp,maloch,marja,tachi,raz,hayate,ybneth,rouie,sinestrea,mganga,lorion,elandorr,valhein,elsu,capheny
Arena_of_Valor_International_Championship/2025/Knockout_Stage,0.22,1,skud,billow,raz,valhein,xeniel,errol,keera,ignis,stuart,ybneth,rouie,sinestrea,florentino,toro,tachi,elandorr,teemee,enzo
Arena_of_Valor_International_Championship/2025/Knockout_Stage,0.22,2,mina,elandorr,kahlii,stuart,dolia,yena,sinestrea,iggy,elsu,thane,valhein,zephys,florentino,enzo,rouie,hayate,max,taara
Arena_of_Valor_International_Championship/2025/Knockout_Stage,0.22,1,marja,zephys,lorion,wisp,krizzix,skud,billow,heino,hayate,teemee,elandorr,mganga,qi,murad,sinestrea,tachi,keera,florentino
Arena_of_Valor_International_Championship/2025/Knockout_Stage,0.22,1,qi,taara,mganga,elsu,enzo,airi,zephys,annette,valhein,wiro,rouie,tachi,marja,murad,hayate,sinestrea,keera,florentino
Arena_of_Valor_International_Championship/2025/Knockout_Stage,0.22,2,ryoma,tachi,ignis,hayate,thane,florentino,zuka,rouie,wisp,arduin,marja,elandorr,enzo,toro,sinestrea,ybneth,teemee,murad
Arena_of_Valor_International_Championship/2025/Knockout_Stage,0.22,2,florentino,murad,iggy,slimz,teemee,yan,taara,mganga,capheny,enzo,marja,tachi,qi,elandorr,rouie,sinestrea,keera,zuka
Arena_of_Valor_International_Championship/2025/Knockout_Stage,0.22,2,murad,billow,lorion,valhein,teemee,florentino,tachi,iggy,stuart,wiro,sinestrea,rouie,mganga,dolia,elandorr,marja,krizzix,enzo
Arena_of_Valor_International_Championship/2025/Knockout_Stage,0.22,2,bolt baron,zuka,lorion,hayate,teemee,yena,keera,rouie,wisp,wiro,tachi,valhein,capheny,omen,elandorr,marja,billow,florentino
Arena_of_Valor_International_Championship/2025/Knockout_Stage,0.22,1,skud,nakroth,mganga,stuart,xeniel,qi,yan,iggy,elsu,thane,hayate,florentino,tachi,sinestrea,rouie,marja,taara,toro
Arena_of_Valor_International_Championship/2025/Knockout_Stage,0.22,1,marja,zephys,natalya,fennik,ybneth,billow,nakroth,lorion,valhein,enzo,elandorr,sinestrea,biron,toro,rouie,tachi,annette,heino
Arena_of_Valor_International_Championship/2025/Knockout_Stage,0.22,1,florentino,sinestrea,ignis,capheny,toro,marja,taara,liliana,thorne,ybneth,stuart,tachi,hayate,teeri,rouie,elandorr,valhein,elsu
Arena_of_Valor_International_Championship/2025/Knockout_Stage,0.22,1,yena,billow,liliana,elandorr,mina,omen,zuka,natalya,capheny,krizzix,florentino,skud,biron,mganga,tachi,rouie,elsu,iggy
Arena_of_Valor_International_Championship/2025/Group_Stage,0.11,2,toro,nakroth,iggy,eland'orr,aya,skud,zephys,mganga,hayate,teemee,enzo,florentino,taara,omen,billow,ignis,rouie,sinestrea
Arena_of_Valor_International_Championship/2025/Group_Stage,0.11,1,airi,billow,annette,stuart,y'bneth,richter,taara,raz,valhein,enzo,aya,eland'orr,marja,keera,hayate,florentino,sinestrea,rouie
Arena_of_Valor_International_Championship/2025/Group_Stage,0.11,1,omen,keera,gildur,elsu,maloch,yena,nakroth,goverra,violet,toro,lorion,billow,aya,florentino,rouie,sinestrea,taara,thane
Arena_of_Valor_International_Championship/2025/Group_Stage,0.11,1,qi,billow,natalya,hayate,y'bneth,airi,keera,mganga,eland'orr,teemee,tachi,florentino,rouie,sinestrea,valhein,capheny,zephys,mina
Arena_of_Valor_International_Championship/2025/Group_Stage,0.11,1,skud,sinestrea,gildur,stuart,maloch,yena,taara,liliana,elsu,enzo,billow,aya,rouie,hayate,valhein,lorion,mganga,florentino
Arena_of_Valor_International_Championship/2025/Group_Stage,0.11,2,marja,eland'orr,iggy,stuart,enzo,richter,kriknak,mganga,valhein,thane,zephys,mina,sinestrea,rouie,billow,lorion,qi,skud
Arena_of_Valor_International_Championship/2025/Group_Stage,0.11,2,taara,keera,gildur,capheny,grakk,skud,billow,ignis,stuart,maloch,goverra,florentino,sinestrea,rouie,valhein,hayate,qi,omen
Arena_of_Valor_International_Championship/2025/Group_Stage,0.11,2,taara,marja,mganga,hayate,y'bneth,richter,billow,iggy,capheny,teemee,eland'orr,valhein,florentino,ignis,mina,tachi,rouie,sinestrea
Arena_of_Valor_International_Championship/2025/Group_Stage,0.11,1,yena,keera,iggy,fennik,toro,airi,tachi,mganga,valhein,enzo,zephys,marja,rouie,sinestrea,lorion,eland'orr,ignis,maloch
Arena_of_Valor_International_Championship/2025/Group_Stage,0.11,1,skud,eland'orr,lorion,elsu,teemee,mina,marja,ignis,fennik,toro,hayate,florentino,y'bneth,stuart,wisp,qi,rouie,sinestrea
Arena_of_Valor_International_Championship/2025/Group_Stage,0.11,2,skud,keera,ignis,hayate,teemee,qi,tachi,lorion,valhein,baldum,eland'orr,billow,enzo,marja,mganga,florentino,sinestrea,rouie
Arena_of_Valor_International_Championship/2025/Group_Stage,0.11,2,florentino,zephys,iggy,elsu,enzo,murad,billow,mganga,capheny,toro,dolia,helen,sinestrea,hayate,valhein,rouie,eland'orr,marja
Arena_of_Valor_International_Championship/2025/Group_Stage,0.11,2,marja,sinestrea,ignis,hayate,maloch,qi,keera,mganga,stuart,krizzix,valhein,rouie,elandorr,billow,aya,iggy,skud,florentino
Arena_of_Valor_International_Championship/2025/Group_Stage,0.11,2,yena,keera,lorion,stuart,enzo,marja,billow,heino,elandorr,thane,sinestrea,rouie,toro,skud,aya,qi,murad,florentino
Arena_of_Valor_International_Championship/2025/Group_Stage,0.11,1,skud,nakroth,mganga,valhein,ming,murad,elandorr,azzenka,aya,toro,rouie,sinestrea,maloch,stuart,hayate,florentino,thane,billow
Arena_of_Valor_International_Championship/2025/Group_Stage,0.11,1,florentino,keera,yue,telannas,mina,qi,nakroth,annette,capheny,enzo,valhein,billow,airi,zephys,sinestrea,rouie,toro,tachi
Arena_of_Valor_International_Championship/2025/Group_Stage,0.11,2,qi,keera,annette,valhein,thane,skud,kriknak,ignis,capheny,toro,billow,lorion,zephys,florentino,rouie,sinestrea,iggy,raz
Arena_of_Valor_International_Championship/2025/Group_Stage,0.11,2,airi,zephys,iggy,hayate,teemee,yena,billow,lorion,wisp,thane,valhein,elandorr,murad,riktor,rouie,sinestrea,marja,skud
Arena_of_Valor_International_Championship/2025/Group_Stage,0.11,2,riktor,keera,ignis,capheny,thane,qi,billow,lorion,hayate,toro,elandorr,valhein,skud,florentino,sinestrea,rouie,mganga,marja
Arena_of_Valor_International_Championship/2025/Group_Stage,0.11,1,maloch,zephys,natalya,valhein,enzo,skud,marja,mganga,stuart,y'bneth,rouie,sinestrea,elandorr,keera,florentino,toro,billow,tachi
Arena_of_Valor_International_Championship/2025/Group_Stage,0.11,2,florentino,billow,lorion,fennik,krizzix,riktor,keera,heino,capheny,maloch,valhein,elandorr,airi,murad,rouie,sinestrea,stuart,toro
Arena_of_Valor_International_Championship/2025/Group_Stage,0.11,2,mina,tachi,lorion,hayate,teemee,maloch,sinestrea,heino,capheny,thane,rouie,florentino,enzo,krizzix,billow,mganga,keera,omen
Arena_of_Valor_International_Championship/2025/Group_Stage,0.11,2,florentino,billow,mganga,fennik,toro,airi,keera,ignis,valhein,enzo,rouie,hayate,natalya,iggy,sinestrea,taara,omen,murad
Arena_of_Valor_International_Championship/2025/Group_Stage,0.11,1,marja,taara,annette,elsu,gildur,biron,sinestrea,iggy,hayate,teemee,rouie,valhein,skud,toro,krizzix,mganga,florentino,qi
Arena_of_Valor_International_Championship/2025/Group_Stage,0.11,2,maloch,billow,mganga,stuart,dolia,skud,keera,ignis,valhein,thane,rouie,enzo,qi,heino,krizzix,sinestrea,toro,florentino
Arena_of_Valor_International_Championship/2025/Group_Stage,0.11,1,skud,eland'orr,lorion,hayate,teemee,ryoma,billow,natalya,capheny,y'bneth,enzo,mganga,omen,murad,sinestrea,rouie,mina,valhein
Arena_of_Valor_International_Championship/2025/Group_Stage,0.11,1,marja,tachi,rouie,valhein,krizzix,skud,sinestrea,ignis,slimz,thane,eland'orr,lorion,fennik,teemee,hayate,florentino,maloch,omen
Arena_of_Valor_International_Championship/2025/Group_Stage,0.11,1,skud,sinestrea,mganga,hayate,thane,yena,billow,iggy,wisp,teemee,rouie,valhein,elsu,marja,stuart,eland'orr,qi,mina
Arena_of_Valor_International_Championship/2025/Group_Stage,0.11,1,airi,billow,murad,stuart,aya,skud,zephys,lorion,hayate,krizzix,florentino,mganga,enzo,thane,rouie,sinestrea,taara,toro
Arena_of_Valor_International_Championship/2025/Group_Stage,0.11,1,riktor,elandorr,tulen,valhein,enzo,taara,keera,iggy,stuart,ybneth,billow,mina,qi,murad,rouie,sinestrea,lorion,skud
Arena_of_Valor_International_Championship/2025/Group_Stage,0.11,2,riktor,billow,annette,valhein,enzo,mina,sinestrea,mganga,stuart,teemee,elandorr,thane,toro,skud,rouie,hayate,iggy,natalya
Arena_of_Valor_International_Championship/2025/Group_Stage,0.11,2,mina,kriknak,lorion,capheny,helen,riktor,elandorr,annette,elsu,gildur,rouie,valhein,florentino,skud,sinestrea,mganga,zephys,teemee
Arena_of_Valor_International_Championship/2025/Group_Stage,0.11,2,airi,keera,mganga,hayate,enzo,qi,tachi,lorion,valhein,baldum,sinestrea,rouie,billow,elandorr,florentino,toro,skud,maloch
Arena_of_Valor_International_Championship/2025/Group_Stage,0.11,1,marja,billow,iggy,wisp,arduin,skud,zephys,mganga,hayate,toro,sinestrea,rouie,taara,keera,valhein,ignis,elandorr,florentino
Arena_of_Valor_International_Championship/2025/Group_Stage,0.11,2,biron,zephys,kahlii,elandorr,thane,marja,keera,heino,elsu,taara,sinestrea,rouie,ybneth,florentino,valhein,lorion,capheny,qi
Arena_of_Valor_International_Championship/2025/Group_Stage,0.11,1,marja,keera,lorion,elandorr,toro,riktor,sinestrea,heino,stuart,thane,rouie,hayate,taara,mina,mganga,elsu,skud,krizzix
Arena_of_Valor_International_Championship/2025/Group_Stage,0.11,2,maloch,billow,rouie,wisp,aya,taara,elandorr,lorion,fennik,teemee,florentino,hayate,valhein,capheny,sinestrea,mganga,stuart,skud
Arena_of_Valor_International_Championship/2025/Group_Stage,0.11,1,skud,tachi,mganga,fennik,enzo,airi,keera,iggy,valhein,toro,rouie,hayate,marja,florentino,sinestrea,taara,stuart,elsu
Arena_of_Valor_International_Championship/2025/Group_Stage,0.11,1,qi,sinestrea,gildur,hayate,toro,riktor,billow,annette,wisp,thane,rouie,lorion,teemee,enzo,mganga,valhein,skud,marja
Arena_of_Valor_International_Championship/2025/Group_Stage,0.11,1,marja,elandorr,lorion,valhein,teemee,ryoma,keera,iggy,stuart,ybneth,sinestrea,mganga,taara,mina,billow,rouie,skud,airi
Arena_of_Valor_International_Championship/2025/Group_Stage,0.11,1,riktor,sinestrea,mganga,hayate,thane,taara,keera,iggy,elsu,toro,billow,qi,elandorr,enzo,rouie,valhein,marja,maloch
Arena_of_Valor_International_Championship/2025/Group_Stage,0.11,1,biron,billow,ignis,capheny,ybneth,marja,tachi,lorion,valhein,baldum,rouie,sinestrea,qi,elandorr,toro,heino,skud,florentino
Arena_of_Valor_International_Championship/2025/Group_Stage,0.11,1,airi,billow,rouie,valhein,ybneth,florentino,tachi,lorion,stuart,teemee,elsu,taara,sinestrea,elandorr,marja,mganga,krizzix,murad
Arena_of_Valor_International_Championship/2025/Group_Stage,0.11,2,qi,taara,tulen,hayate,toro,skud,billow,iggy,valhein,thane,rouie,mganga,helen,ming,marja,lorion,stuart,fennik
Arena_of_Valor_International_Championship/2025/Group_Stage,0.11,1,florentino,keera,liliana,elandorr,krizzix,riktor,sinestrea,ignis,hayate,toro,rouie,elsu,murad,annette,marja,mganga,lorion,iggy
Arena_of_Valor_International_Championship/2025/Group_Stage,0.11,2,riktor,zephys,mganga,valhein,toro,biron,tachi,ignis,stuart,enzo,billow,lorion,omen,skud,rouie,sinestrea,keera,florentino
Arena_of_Valor_International_Championship/2025/Group_Stage,0.11,2,qi,nakroth,ignis,hayate,enzo,yena,keera,lorion,capheny,teemee,billow,valhein,omen,florentino,rouie,sinestrea,elandorr,skud
Arena_of_Valor_International_Championship/2025/Group_Stage,0.11,1,skud,sinestrea,heino,stuart,rouie,maloch,keera,goverra,valhein,zip,ybneth,toro,teemee,enzo,billow,mganga,marja,florentino
Arena_of_Valor_International_Championship/2025/Group_Stage,0.11,2,yena,fennik,mganga,aya,taara,skud,billow,ignis,hayate,omen,qi,rouie,florentino,krizzix,valhein,enzo,elandorr,keera
Arena_of_Valor_International_Championship/2025/Group_Stage,0.11,1,marja,murad,annette,elsu,gildur,yena,sinestrea,mganga,elandorr,thane,rouie,taara,riktor,florentino,billow,valhein,mina,qi
Arena_of_Valor_International_Championship/2025/Group_Stage,0.11,1,maloch,keera,lorion,valhein,thane,skud,elandorr,ignis,slimz,toro,billow,aya,fennik,stuart,sinestrea,rouie,mina,florentino
Arena_of_Valor_International_Championship/2025/Group_Stage,0.11,1,skud,marja,iggy,hayate,ybneth,ryoma,billow,liliana,elsu,gildur,rouie,aya,annette,lorion,elandorr,mganga,enzo,taara
Arena_of_Valor_International_Championship/2025/Group_Stage,0.11,1,biron,elandorr,iggy,stuart,ybneth,riktor,kriknak,mganga,valhein,thane,sinestrea,rouie,keera,murad,billow,hayate,qi,skud
Arena_of_Valor_International_Championship/2025/Group_Stage,0.11,1,qi,billow,heino,capheny,baldum,airi,zephys,lorion,hayate,teemee,elandorr,stuart,tachi,florentino,sinestrea,rouie,mganga,ignis
Arena_of_Valor_International_Championship/2025/Group_Stage,0.11,1,mina,tachi,gildur,elsu,kaine,yena,keera,annette,capheny,toro,rouie,sinestrea,florentino,helen,mganga,valhein,skud,marja
Arena_of_Valor_International_Championship/2025/Group_Stage,0.11,1,airi,sinestrea,annette,stuart,taara,riktor,billow,iggy,elsu,maloch,mganga,florentino,dolia,kahlii,rouie,lorion,hayate,marja
Arena_of_Valor_International_Championship/2025/Group_Stage,0.11,2,ryoma,billow,ignis,capheny,teemee,qi,marja,mganga,hayate,thane,sinestrea,rouie,skud,tachi,elandorr,valhein,iggy,florentino
Arena_of_Valor_International_Championship/2025/Group_Stage,0.11,1,skud,elandorr,lorion,valhein,enzo,maloch,taara,rouie,wisp,teemee,sinestrea,billow,mina,zephys,hayate,mganga,florentino,qi
Arena_of_Valor_International_Championship/2025/Group_Stage,0.11,1,marja,tachi,taara,stuart,aya,riktor,keera,gildur,valhein,grakk,elandorr,billow,ryoma,lorion,rouie,sinestrea,dolia,mganga
Arena_of_Valor_International_Championship/2025/Group_Stage,0.11,1,airi,nakroth,mganga,stuart,arduin,qi,elandorr,natalya,marja,enzo,sinestrea,rouie,keera,skud,valhein,capheny,ryoma,hayate
Arena_of_Valor_International_Championship/2025/Group_Stage,0.11,1,skud,sinestrea,natalya,capheny,enzo,mina,billow,iggy,hayate,thane,mganga,lorion,omen,kahlii,rouie,valhein,florentino,marja
Arena_of_Valor_International_Championship/2025/Group_Stage,0.11,1,qi,billow,ignis,stuart,aya,marja,keera,mganga,valhein,arum,florentino,taara,enzo,thane,rouie,sinestrea,toro,murad
Arena_of_Valor_International_Championship/2025/Group_Stage,0.11,1,airi,taara,heino,valhein,baldum,florentino,tachi,lorion,fennik,toro,elandorr,hayate,enzo,stuart,rouie,sinestrea,marja,murad
Arena_of_Valor_International_Championship/2025/Group_Stage,0.11,1,skud,zephys,ignis,hayate,toro,marja,tachi,mganga,capheny,enzo,rouie,sinestrea,florentino,natalya,elandorr,valhein,mina,teemee
Arena_of_Valor_International_Championship/2025/Group_Stage,0.11,2,qi,billow,azzenka,violet,wiro,ata,elandorr,lorion,stuart,teemee,hayate,taara,florentino,skud,rouie,sinestrea,mina,mganga
Arena_of_Valor_International_Championship/2025/Group_Stage,0.11,1,maloch,sinestrea,mganga,stuart,enzo,skud,keera,taara,valhein,aya,billow,toro,arduin,thane,rouie,florentino,lorion,natalya
Arena_of_Valor_International_Championship/2025/Group_Stage,0.11,1,maloch,keera,lorion,valhein,thane,skud,tachi,rouie,fennik,ybneth,sinestrea,mganga,elandorr,zephys,billow,stuart,florentino,marja
Arena_of_Valor_International_Championship/2025/Group_Stage,0.11,1,skud,billow,ignis,hayate,teemee,airi,butterfly,mganga,capheny,enzo,valhein,elandorr,marja,qi,rouie,sinestrea,iggy,florentino
Arena_of_Valor_International_Championship/2025/Group_Stage,0.11,1,florentino,elandorr,mganga,stuart,teemee,riktor,zephys,natalya,valhein,enzo,sinestrea,rouie,murad,keera,billow,qi,skud,toro
Arena_of_Valor_International_Championship/2025/Group_Stage,0.11,2,skud,keera,lorion,valhein,baldum,biron,billow,ignis,fennik,ybneth,elandorr,mganga,toro,florentino,rouie,sinestrea,enzo,qi
Arena_of_Valor_International_Championship/2025/Group_Stage,0.11,2,murad,sinestrea,goverra,elsu,thane,marja,tachi,rouie,stuart,maloch,lorion,elandorr,omen,toro,billow,enzo,qi,ybneth
